customer_id,tenure_months,monthly_charges,total_charges,contract_type,internet_service,paperless_billing,support_tickets,payment_method,avg_monthly_usage_gb,num_products,satisfaction_score,churn
10001,52,55.06,3187.66,Two year,DSL,Yes,1,Mailed check,211.4,2,3,No
10002,15,33.97,581.9,One year,DSL,Yes,1,Bank transfer,249.0,2,1,No
10003,72,65.34,4425.78,Month-to-month,Fiber optic,Yes,2,Electronic check,268.3,4,5,No
10004,61,55.39,3574.94,Month-to-month,DSL,No,3,Bank transfer,317.6,1,5,No
10005,21,115.44,2067.09,Two year,DSL,Yes,3,Bank transfer,311.1,1,3,No
10006,24,76.21,1658.19,Two year,DSL,Yes,3,Bank transfer,265.4,1,1,No
10007,3,71.78,227.57,One year,DSL,Yes,1,Bank transfer,20.0,1,4,No
10008,22,68.63,1313.23,Month-to-month,Fiber optic,Yes,2,Electronic check,263.1,2,5,No
10009,53,91.65,4811.56,Month-to-month,Fiber optic,Yes,0,Bank transfer,277.8,1,2,Yes
10010,2,60.69,127.3,Month-to-month,DSL,Yes,2,Credit card,297.1,1,2,No
10011,30,88.68,2872.67,Month-to-month,Fiber optic,No,2,Credit card,149.2,3,5,No
10012,38,112.35,4210.15,One year,DSL,Yes,2,Credit card,38.4,2,5,No
10013,2,83.5,173.53,One year,Fiber optic,Yes,2,Mailed check,316.6,1,5,No
10014,64,65.76,4258.61,One year,Fiber optic,No,0,Credit card,123.7,1,2,No
10015,60,48.16,2501.5,Two year,Fiber optic,Yes,3,Bank transfer,356.1,1,3,No
10016,21,65.12,1467.13,One year,Fiber optic,No,2,Electronic check,185.0,4,4,No
10017,33,86.08,2561.43,Month-to-month,DSL,No,2,Credit card,142.4,3,2,No
10018,58,33.69,1679.56,Month-to-month,Fiber optic,No,3,Bank transfer,273.2,3,2,Yes
10019,22,92.79,2011.47,Two year,None,Yes,1,Electronic check,298.5,3,3,No
10020,49,77.19,4197.2,Month-to-month,DSL,Yes,0,Electronic check,292.9,2,4,No
10021,59,68.27,3606.0,Two year,Fiber optic,Yes,3,Credit card,287.7,1,4,No
10022,42,55.51,1990.7,Two year,DSL,Yes,0,Electronic check,172.8,1,5,No
10023,60,60.09,3183.55,Month-to-month,DSL,No,1,Electronic check,94.9,2,4,No
10024,15,86.93,1250.62,Month-to-month,DSL,No,6,Mailed check,203.0,3,5,No
10025,62,68.79,4367.56,Two year,Fiber optic,No,2,Electronic check,131.2,2,5,No
10026,62,59.47,3347.57,Month-to-month,DSL,No,5,Credit card,281.1,2,3,No
10027,47,83.71,4290.78,Two year,DSL,No,5,Mailed check,323.1,4,3,No
10028,62,84.7,5650.45,Two year,Fiber optic,Yes,4,Bank transfer,256.4,1,4,No
10029,51,40.77,2201.45,Month-to-month,Fiber optic,Yes,2,Credit card,239.9,3,1,No
10030,55,86.29,4728.11,Month-to-month,DSL,No,0,Mailed check,210.5,1,5,Yes
10031,64,134.54,8262.39,Two year,Fiber optic,Yes,1,Electronic check,333.1,2,1,No
10032,3,83.74,241.84,One year,DSL,Yes,5,Credit card,66.1,1,3,No
10033,51,29.52,1506.91,Month-to-month,Fiber optic,Yes,3,Mailed check,125.4,2,4,No
10034,7,76.43,467.17,Month-to-month,None,No,0,Electronic check,413.5,2,4,No
10035,21,26.23,580.96,Month-to-month,DSL,Yes,1,Bank transfer,120.8,1,4,No
10036,39,151.18,5633.37,Two year,Fiber optic,No,1,Credit card,290.4,3,4,Yes
10037,18,127.89,2111.94,Two year,Fiber optic,No,2,Credit card,310.0,2,3,No
10038,4,55.35,206.68,One year,DSL,Yes,4,Credit card,57.0,2,2,Yes
10039,60,18.0,976.42,Month-to-month,DSL,Yes,2,Credit card,75.2,1,5,No
10040,14,50.04,784.96,Month-to-month,DSL,Yes,1,Bank transfer,360.1,3,3,No
10041,9,67.48,547.02,Two year,Fiber optic,No,1,Credit card,147.6,1,3,No
10042,53,27.95,1651.52,Month-to-month,Fiber optic,No,3,Electronic check,150.2,1,3,No
10043,2,70.27,143.59,Month-to-month,Fiber optic,No,3,Mailed check,190.5,1,2,No
10044,60,67.31,4483.8,Month-to-month,DSL,Yes,4,Bank transfer,147.8,2,4,No
10045,71,75.13,5292.73,One year,Fiber optic,Yes,1,Bank transfer,290.0,3,4,No
10046,44,77.74,3859.38,Two year,Fiber optic,Yes,0,Electronic check,127.7,1,4,No
10047,8,47.86,349.74,Month-to-month,DSL,No,1,Electronic check,53.3,1,4,No
10048,47,50.66,2420.09,Month-to-month,None,Yes,3,Electronic check,349.9,3,2,No
10049,35,73.14,2272.56,One year,Fiber optic,Yes,5,Bank transfer,132.4,2,3,No
10050,36,56.23,1992.23,Two year,Fiber optic,Yes,3,Credit card,168.6,3,1,No
10051,50,94.69,4833.79,Month-to-month,DSL,Yes,0,Credit card,318.8,1,1,No
10052,4,72.9,300.84,Month-to-month,DSL,Yes,1,Bank transfer,246.7,2,3,Yes
10053,2,118.63,227.69,Month-to-month,Fiber optic,Yes,4,Credit card,345.7,1,3,No
10054,6,92.51,484.51,Two year,None,Yes,3,Mailed check,320.3,4,4,No
10055,54,99.59,5628.46,Month-to-month,DSL,Yes,3,Mailed check,196.9,2,4,No
10056,4,75.31,300.19,Month-to-month,Fiber optic,No,1,Mailed check,337.1,2,5,Yes
10057,54,75.93,3653.56,One year,Fiber optic,No,2,Bank transfer,255.9,1,4,No
10058,63,115.28,8212.32,One year,Fiber optic,Yes,4,Electronic check,183.2,1,1,Yes
10059,18,62.54,1279.61,Month-to-month,DSL,No,1,Bank transfer,267.6,1,3,Yes
10060,44,85.67,4172.75,Two year,Fiber optic,Yes,0,Bank transfer,115.6,1,3,No
10061,34,65.34,2450.74,Month-to-month,DSL,Yes,1,Mailed check,319.2,1,3,No
10062,62,65.28,3560.06,Month-to-month,DSL,No,5,Credit card,306.9,2,2,No
10063,14,42.78,687.58,Month-to-month,Fiber optic,No,4,Bank transfer,251.4,1,2,No
10064,48,53.44,2488.46,One year,DSL,No,1,Electronic check,57.8,3,4,No
10065,15,48.79,657.89,Month-to-month,None,Yes,4,Mailed check,349.7,1,4,Yes
10066,72,86.86,6839.48,Two year,Fiber optic,Yes,5,Bank transfer,281.5,1,4,No
10067,62,98.01,5576.63,One year,Fiber optic,No,0,Electronic check,237.8,3,3,No
10068,40,69.63,2807.07,One year,Fiber optic,Yes,2,Electronic check,222.8,2,4,No
10069,53,77.74,3660.42,One year,DSL,Yes,1,Bank transfer,189.0,2,4,No
10070,24,68.19,1624.11,One year,None,No,1,Credit card,207.3,1,4,No
10071,26,51.73,1368.44,Month-to-month,Fiber optic,No,5,Mailed check,313.1,2,1,No
10072,60,93.56,5522.53,Month-to-month,DSL,No,1,Credit card,190.9,1,4,No
10073,41,88.31,3153.08,Two year,DSL,Yes,2,Credit card,213.9,1,4,No
10074,29,24.69,712.77,Month-to-month,DSL,No,3,Electronic check,227.9,2,2,No
10075,15,64.92,964.73,One year,Fiber optic,Yes,2,Bank transfer,230.5,2,1,Yes
10076,45,49.95,2087.0,Two year,Fiber optic,Yes,1,Mailed check,181.3,1,2,No
10077,65,62.23,4556.56,Month-to-month,Fiber optic,Yes,5,Electronic check,223.8,3,4,No
10078,71,55.24,3825.31,One year,DSL,Yes,2,Bank transfer,272.6,3,4,No
10079,9,70.84,707.2,Month-to-month,Fiber optic,Yes,1,Bank transfer,154.0,1,3,Yes
10080,1,63.75,56.28,Month-to-month,None,Yes,3,Electronic check,224.3,2,3,No
10081,8,63.22,478.28,Month-to-month,Fiber optic,Yes,1,Credit card,423.4,1,5,Yes
10082,63,99.68,5670.06,Month-to-month,Fiber optic,Yes,0,Bank transfer,234.0,3,2,No
10083,11,85.93,919.26,One year,Fiber optic,Yes,0,Credit card,151.6,2,2,No
10084,8,54.4,384.5,Two year,DSL,Yes,2,Electronic check,140.5,1,3,Yes
10085,35,58.11,1997.87,One year,Fiber optic,Yes,2,Credit card,119.8,1,4,No
10086,35,84.29,2820.82,Month-to-month,Fiber optic,No,7,Mailed check,394.6,1,4,No
10087,33,84.26,2549.78,Month-to-month,None,No,3,Electronic check,335.8,2,3,No
10088,5,56.91,296.69,One year,Fiber optic,Yes,4,Bank transfer,117.5,2,5,No
10089,41,66.15,3079.03,Month-to-month,Fiber optic,No,4,Bank transfer,260.3,1,4,No
10090,28,118.17,3018.03,Two year,DSL,Yes,3,Bank transfer,356.4,1,1,No
10091,7,57.34,426.88,Two year,Fiber optic,Yes,2,Mailed check,236.2,1,4,No
10092,72,119.77,9250.49,One year,Fiber optic,No,1,Electronic check,193.3,1,1,Yes
10093,12,99.59,1194.41,Two year,Fiber optic,Yes,0,Bank transfer,452.9,1,4,Yes
10094,34,115.14,4381.79,Month-to-month,Fiber optic,No,2,Mailed check,59.0,2,2,No
10095,33,56.27,2116.72,One year,Fiber optic,Yes,3,Bank transfer,490.1,2,4,No
10096,48,67.79,3119.45,Month-to-month,Fiber optic,No,5,Mailed check,245.7,4,3,Yes
10097,23,60.77,1461.04,Two year,Fiber optic,Yes,2,Credit card,362.6,4,5,No
10098,62,100.17,6512.77,Month-to-month,Fiber optic,Yes,1,Bank transfer,125.9,2,3,No
10099,37,57.81,2077.13,One year,DSL,Yes,3,Bank transfer,171.1,2,4,No
10100,44,90.28,3753.99,Two year,Fiber optic,No,0,Credit card,137.4,4,3,No
10101,35,88.96,3518.75,Month-to-month,Fiber optic,Yes,3,Bank transfer,230.4,1,5,No
10102,65,70.8,5002.35,Month-to-month,DSL,No,3,Electronic check,269.2,1,4,No
10103,47,104.47,4342.19,One year,DSL,Yes,5,Electronic check,341.3,1,3,Yes
10104,3,74.69,198.52,Month-to-month,Fiber optic,Yes,2,Bank transfer,77.4,2,5,No
10105,1,92.85,104.62,Month-to-month,None,Yes,0,Electronic check,254.9,3,3,Yes
10106,5,59.63,260.71,Month-to-month,Fiber optic,Yes,1,Bank transfer,325.0,1,4,Yes
10107,14,53.91,797.4,Month-to-month,Fiber optic,No,3,Electronic check,342.8,2,4,No
10108,27,90.28,2237.75,Two year,DSL,Yes,4,Electronic check,198.2,2,1,Yes
10109,9,82.77,641.05,Month-to-month,Fiber optic,Yes,4,Mailed check,199.3,1,5,No
10110,15,78.08,1016.47,Month-to-month,Fiber optic,Yes,3,Credit card,231.3,1,3,Yes
10111,42,63.41,2562.17,Month-to-month,Fiber optic,Yes,1,Bank transfer,257.7,1,2,Yes
10112,51,110.73,4931.59,Month-to-month,DSL,No,0,Credit card,363.7,1,5,No
10113,63,44.09,2858.2,Month-to-month,Fiber optic,Yes,2,Credit card,125.0,3,4,No
10114,52,42.72,2319.58,Month-to-month,None,Yes,3,Electronic check,165.3,3,2,No
10115,4,95.55,367.69,Month-to-month,Fiber optic,No,2,Electronic check,113.5,3,2,No
10116,23,93.5,2307.19,Month-to-month,DSL,No,1,Bank transfer,280.6,2,4,No
10117,15,80.84,1208.98,One year,DSL,Yes,3,Credit card,344.6,3,1,Yes
10118,43,64.8,2728.08,Month-to-month,DSL,Yes,1,Mailed check,105.0,2,5,No
10119,29,84.56,2383.81,One year,DSL,Yes,3,Credit card,248.4,2,4,No
10120,36,115.02,4055.14,Month-to-month,DSL,Yes,3,Electronic check,337.8,2,3,Yes
10121,13,134.89,1999.71,Month-to-month,Fiber optic,No,4,Electronic check,314.5,2,3,Yes
10122,32,30.59,1032.15,One year,Fiber optic,No,2,Bank transfer,313.4,1,4,No
10123,71,61.53,4126.45,Month-to-month,Fiber optic,Yes,1,Mailed check,127.0,2,3,No
10124,59,59.96,3785.83,Two year,DSL,Yes,3,Electronic check,313.1,1,4,Yes
10125,28,112.66,2993.85,One year,DSL,Yes,1,Mailed check,222.3,2,5,No
10126,66,18.0,1054.6,Month-to-month,Fiber optic,Yes,5,Electronic check,341.7,2,4,No
10127,42,84.85,3537.36,Two year,Fiber optic,Yes,2,Bank transfer,282.7,1,3,No
10128,45,65.58,3173.34,One year,Fiber optic,Yes,3,Credit card,162.5,4,3,No
10129,62,112.95,6745.88,Month-to-month,DSL,Yes,0,Credit card,266.5,1,4,No
10130,57,109.53,6934.66,Month-to-month,Fiber optic,Yes,1,Bank transfer,317.8,1,4,No
10131,6,81.14,470.33,Month-to-month,DSL,Yes,4,Mailed check,191.9,1,4,Yes
10132,28,32.51,869.27,Two year,None,Yes,1,Mailed check,252.2,3,1,Yes
10133,28,57.65,1855.48,One year,Fiber optic,Yes,5,Electronic check,113.0,2,5,No
10134,44,60.39,2643.19,Two year,Fiber optic,Yes,0,Electronic check,292.2,2,3,No
10135,30,38.84,1271.89,One year,Fiber optic,Yes,2,Electronic check,234.7,3,4,No
10136,62,100.86,6825.48,Month-to-month,Fiber optic,Yes,4,Credit card,326.8,1,4,Yes
10137,62,35.66,2493.72,Month-to-month,Fiber optic,Yes,2,Credit card,289.5,1,4,No
10138,1,121.13,106.05,One year,Fiber optic,No,2,Mailed check,201.3,1,3,Yes
10139,27,121.07,3044.53,One year,DSL,No,2,Bank transfer,159.6,2,4,No
10140,62,62.37,4177.55,Two year,Fiber optic,No,2,Electronic check,137.7,2,1,No
10141,3,80.21,245.15,Month-to-month,Fiber optic,Yes,2,Bank transfer,191.8,1,4,Yes
10142,70,70.19,5001.17,Month-to-month,None,No,1,Bank transfer,324.3,1,2,No
10143,72,94.55,6125.92,One year,DSL,No,2,Mailed check,73.2,1,3,No
10144,27,103.87,2620.36,One year,Fiber optic,Yes,1,Electronic check,141.6,2,2,Yes
10145,9,78.45,710.57,Month-to-month,DSL,Yes,0,Credit card,321.6,1,5,Yes
10146,62,83.73,4844.25,One year,Fiber optic,No,3,Bank transfer,366.3,1,4,No
10147,37,56.48,1908.13,Month-to-month,DSL,Yes,2,Credit card,146.6,1,4,No
10148,51,82.92,3705.92,One year,DSL,Yes,0,Credit card,140.6,2,4,No
10149,44,76.07,3001.39,One year,DSL,No,3,Credit card,373.7,2,5,No
10150,24,49.21,1276.3,Two year,Fiber optic,No,2,Electronic check,228.3,2,2,No
10151,59,71.65,4504.81,Two year,DSL,Yes,5,Electronic check,155.0,2,4,No
10152,32,62.42,1725.29,Month-to-month,Fiber optic,Yes,3,Electronic check,339.2,2,4,No
10153,52,56.76,2688.79,Month-to-month,Fiber optic,Yes,2,Electronic check,287.8,4,1,Yes
10154,62,43.34,2735.81,Two year,Fiber optic,No,2,Mailed check,310.0,1,2,No
10155,58,73.56,4039.45,Month-to-month,Fiber optic,Yes,3,Bank transfer,160.0,2,3,No
10156,52,52.49,2994.17,Two year,Fiber optic,Yes,2,Bank transfer,275.6,2,1,Yes
10157,12,60.22,784.42,Month-to-month,DSL,No,2,Electronic check,358.4,1,3,Yes
10158,39,98.88,4309.34,One year,None,Yes,1,Credit card,300.9,2,1,No
10159,2,87.8,178.92,One year,Fiber optic,Yes,0,Electronic check,327.4,1,4,Yes
10160,3,47.53,136.26,Two year,Fiber optic,Yes,1,Electronic check,373.3,1,2,No
10161,56,80.8,4668.78,Month-to-month,Fiber optic,Yes,3,Bank transfer,280.6,1,3,No
10162,59,75.32,3896.13,One year,Fiber optic,Yes,1,Bank transfer,186.3,1,5,No
10163,2,114.54,195.38,Month-to-month,Fiber optic,Yes,2,Mailed check,323.3,2,4,No
10164,2,106.58,182.28,Month-to-month,None,Yes,1,Electronic check,135.0,2,3,Yes
10165,54,33.66,1767.22,One year,Fiber optic,Yes,1,Bank transfer,218.9,2,4,No
10166,1,93.53,85.9,One year,Fiber optic,No,1,Electronic check,295.9,3,2,Yes
10167,19,103.63,1766.56,Two year,Fiber optic,No,4,Electronic check,20.0,1,1,No
10168,2,85.98,177.91,Month-to-month,DSL,No,2,Bank transfer,264.0,2,1,Yes
10169,53,63.61,3872.07,Month-to-month,DSL,Yes,3,Electronic check,268.5,3,5,No
10170,44,132.33,5259.63,Month-to-month,None,Yes,0,Electronic check,132.1,1,4,Yes
10171,32,88.29,2864.63,Month-to-month,DSL,Yes,1,Mailed check,271.0,2,5,No
10172,70,121.41,7529.15,Month-to-month,Fiber optic,No,2,Credit card,258.0,3,5,No
10173,32,105.79,3826.28,One year,Fiber optic,Yes,2,Credit card,243.2,2,5,No
10174,68,83.6,5329.65,Month-to-month,DSL,No,6,Mailed check,353.0,1,4,No
10175,55,57.51,3522.06,Two year,Fiber optic,Yes,3,Electronic check,323.5,1,4,No
10176,56,71.4,3738.2,Two year,DSL,No,2,Electronic check,300.8,2,3,No
10177,17,66.45,1233.37,One year,Fiber optic,No,2,Electronic check,142.7,4,2,No
10178,38,41.64,1444.36,Two year,Fiber optic,No,2,Mailed check,238.4,1,4,No
10179,24,88.26,1986.56,One year,DSL,Yes,2,Bank transfer,352.5,4,4,No
10180,69,111.18,6963.67,Month-to-month,DSL,Yes,4,Mailed check,219.6,1,5,No
10181,70,64.54,4198.29,Month-to-month,DSL,Yes,1,Mailed check,387.7,1,3,No
10182,11,126.09,1526.33,Month-to-month,Fiber optic,Yes,2,Electronic check,303.6,2,4,No
10183,16,33.06,551.02,Month-to-month,Fiber optic,Yes,2,Mailed check,402.4,2,4,No
10184,59,98.36,5639.38,Two year,Fiber optic,Yes,0,Electronic check,138.6,1,2,No
10185,70,113.79,9092.04,Month-to-month,Fiber optic,Yes,2,Bank transfer,225.3,1,4,No
10186,3,66.9,198.58,Two year,Fiber optic,Yes,3,Bank transfer,234.3,3,4,Yes
10187,20,67.35,1536.83,One year,Fiber optic,Yes,5,Bank transfer,297.6,4,4,No
10188,59,98.07,5259.45,Month-to-month,Fiber optic,Yes,1,Mailed check,169.8,1,4,No
10189,36,84.65,3417.33,Two year,Fiber optic,No,0,Bank transfer,87.3,1,2,Yes
10190,19,22.06,358.01,Month-to-month,Fiber optic,Yes,2,Electronic check,275.9,3,4,No
10191,67,50.92,3458.01,Month-to-month,Fiber optic,Yes,2,Electronic check,205.2,2,4,No
10192,19,71.66,1330.11,One year,Fiber optic,Yes,0,Bank transfer,195.3,1,4,No
10193,20,37.76,760.88,Month-to-month,Fiber optic,No,3,Electronic check,174.2,4,4,No
10194,71,60.15,4339.12,One year,Fiber optic,Yes,5,Bank transfer,251.8,1,1,No
10195,52,38.38,1929.32,Month-to-month,DSL,Yes,0,Bank transfer,137.7,2,2,No
10196,33,62.75,2380.24,Month-to-month,Fiber optic,Yes,0,Credit card,221.6,2,3,No
10197,40,63.58,2906.76,Two year,Fiber optic,Yes,3,Credit card,161.3,2,3,No
10198,39,80.79,3587.27,Month-to-month,Fiber optic,Yes,7,Electronic check,182.1,1,4,No
10199,1,69.71,79.73,Month-to-month,DSL,No,1,Credit card,273.6,2,5,No
10200,11,84.57,1012.04,Month-to-month,DSL,No,1,Bank transfer,301.9,4,2,No
10201,57,81.59,5332.31,Two year,DSL,Yes,3,Bank transfer,210.9,2,1,No
10202,50,97.78,5464.47,Month-to-month,DSL,Yes,2,Electronic check,331.9,2,3,No
10203,23,93.84,2103.89,Month-to-month,Fiber optic,Yes,1,Credit card,147.6,1,3,Yes
10204,31,91.2,3068.74,Month-to-month,DSL,Yes,2,Electronic check,95.6,3,4,No
10205,42,149.62,7060.88,Month-to-month,DSL,Yes,4,Credit card,113.0,4,5,No
10206,7,80.69,600.86,Two year,Fiber optic,Yes,3,Electronic check,137.8,3,5,No
10207,16,136.84,2138.72,One year,Fiber optic,No,3,Bank transfer,115.3,2,2,Yes
10208,60,82.31,4295.28,Month-to-month,Fiber optic,No,1,Mailed check,432.0,4,5,No
10209,2,69.93,152.85,One year,None,Yes,4,Electronic check,92.7,1,2,Yes
10210,1,62.67,71.18,Month-to-month,DSL,Yes,3,Electronic check,329.1,2,4,Yes
10211,48,109.74,5050.18,Two year,DSL,Yes,2,Mailed check,237.6,2,4,No
10212,12,113.01,1214.5,Two year,Fiber optic,Yes,1,Electronic check,261.3,2,4,No
10213,69,86.99,5689.9,Month-to-month,Fiber optic,Yes,1,Mailed check,154.0,3,3,No
10214,37,100.34,3804.6,Two year,Fiber optic,Yes,2,Bank transfer,270.9,2,3,No
10215,32,40.07,1211.82,One year,Fiber optic,No,2,Credit card,153.2,1,4,No
10216,9,33.28,309.46,Month-to-month,DSL,No,2,Bank transfer,327.7,1,2,No
10217,19,103.16,2234.55,Month-to-month,DSL,Yes,0,Electronic check,335.5,1,1,Yes
10218,48,68.83,3473.06,Month-to-month,Fiber optic,Yes,0,Electronic check,227.2,2,4,No
10219,3,90.73,260.98,One year,DSL,Yes,2,Electronic check,233.4,1,4,No
10220,20,54.07,1222.77,Two year,Fiber optic,Yes,1,Credit card,281.1,1,4,No
10221,24,113.42,2775.68,One year,None,Yes,4,Credit card,276.3,2,2,Yes
10222,54,33.49,1606.84,Two year,Fiber optic,Yes,3,Mailed check,337.3,3,5,No
10223,33,37.36,1232.5,One year,Fiber optic,Yes,0,Electronic check,334.6,4,2,No
10224,24,108.11,2714.23,Two year,Fiber optic,Yes,4,Credit card,237.3,4,5,No
10225,72,18.0,1427.51,One year,Fiber optic,No,4,Credit card,194.7,3,3,No
10226,36,81.46,3316.56,Month-to-month,Fiber optic,Yes,3,Credit card,317.1,1,4,No
10227,38,69.32,2489.87,Month-to-month,DSL,Yes,0,Credit card,225.2,3,5,No
10228,25,53.6,1201.52,One year,DSL,Yes,4,Mailed check,250.8,1,3,No
10229,18,67.0,1051.81,Month-to-month,DSL,Yes,1,Electronic check,290.4,2,2,No
10230,66,50.81,3593.25,One year,Fiber optic,Yes,2,Mailed check,332.7,2,3,No
10231,54,110.56,6498.89,Month-to-month,DSL,No,4,Mailed check,264.8,3,3,No
10232,35,117.11,3987.41,Month-to-month,Fiber optic,No,3,Mailed check,184.2,2,4,No
10233,61,54.86,3241.98,One year,Fiber optic,Yes,1,Mailed check,410.7,1,3,No
10234,41,78.89,3675.26,Month-to-month,DSL,Yes,0,Electronic check,385.4,2,5,Yes
10235,33,38.87,1443.05,Month-to-month,DSL,Yes,1,Mailed check,143.3,1,4,No
10236,68,98.83,6182.67,Month-to-month,Fiber optic,Yes,3,Mailed check,153.4,4,1,Yes
10237,33,98.18,3512.88,Two year,Fiber optic,No,2,Electronic check,165.3,2,5,Yes
10238,14,64.62,937.98,Month-to-month,None,Yes,0,Mailed check,320.6,2,3,No
10239,21,72.42,1363.06,Two year,Fiber optic,Yes,2,Credit card,414.3,3,3,No
10240,48,69.66,3200.01,Month-to-month,Fiber optic,Yes,4,Credit card,191.9,2,3,No
10241,20,31.54,569.76,Two year,Fiber optic,Yes,0,Mailed check,256.1,1,4,No
10242,8,110.65,830.8,Two year,Fiber optic,No,3,Mailed check,168.5,1,3,No
10243,7,52.83,382.6,Month-to-month,Fiber optic,Yes,1,Electronic check,401.5,2,4,No
10244,67,53.0,3418.12,Month-to-month,Fiber optic,No,5,Bank transfer,318.4,3,2,No
10245,17,68.24,1123.21,Month-to-month,DSL,Yes,4,Mailed check,161.7,3,5,No
10246,33,96.89,3235.4,One year,Fiber optic,No,0,Mailed check,40.3,4,4,Yes
10247,48,57.22,2406.45,Month-to-month,DSL,Yes,3,Credit card,338.6,1,3,No
10248,59,23.2,1466.86,Month-to-month,None,Yes,1,Mailed check,185.6,1,4,No
10249,22,49.83,1063.93,Month-to-month,DSL,No,1,Electronic check,320.1,1,4,Yes
10250,30,82.6,2463.43,Month-to-month,Fiber optic,Yes,3,Electronic check,267.9,3,2,No
10251,38,126.74,5501.41,Month-to-month,Fiber optic,Yes,3,Mailed check,65.7,1,2,Yes
10252,51,40.5,1969.06,One year,DSL,Yes,4,Mailed check,163.4,1,1,Yes
10253,54,39.59,2232.92,Two year,DSL,No,1,Credit card,206.4,2,5,No
10254,8,34.19,264.7,Month-to-month,Fiber optic,Yes,3,Bank transfer,175.8,2,4,No
10255,27,31.08,938.42,Month-to-month,DSL,No,3,Bank transfer,251.0,2,3,No
10256,27,102.14,3044.66,Month-to-month,Fiber optic,Yes,2,Mailed check,278.1,2,2,No
10257,21,109.37,2118.74,Two year,Fiber optic,Yes,2,Mailed check,410.0,2,4,No
10258,30,76.44,2425.11,Two year,Fiber optic,No,2,Mailed check,284.9,2,4,No
10259,28,60.31,1468.39,Two year,Fiber optic,No,1,Mailed check,381.7,3,4,No
10260,64,116.78,8512.46,Two year,Fiber optic,No,1,Mailed check,194.7,1,5,No
10261,69,76.35,5029.49,Month-to-month,DSL,No,0,Electronic check,350.7,1,3,No
10262,61,99.24,6656.3,Two year,DSL,Yes,1,Credit card,203.8,1,3,No
10263,48,59.09,2681.82,One year,Fiber optic,Yes,3,Electronic check,152.9,1,3,No
10264,19,73.11,1444.42,Month-to-month,Fiber optic,Yes,3,Electronic check,148.9,3,5,No
10265,4,41.07,188.11,Two year,Fiber optic,No,2,Electronic check,20.0,1,2,No
10266,35,87.73,3417.6,Month-to-month,Fiber optic,No,0,Electronic check,321.1,3,3,Yes
10267,64,76.77,4412.66,One year,DSL,Yes,3,Mailed check,117.4,1,4,No
10268,49,49.64,2467.01,Month-to-month,DSL,Yes,3,Electronic check,373.8,3,1,No
10269,17,49.97,810.89,Month-to-month,DSL,Yes,3,Electronic check,223.4,3,3,No
10270,44,112.4,4848.18,One year,DSL,No,0,Mailed check,92.3,2,4,No
10271,30,121.29,3458.78,Month-to-month,Fiber optic,Yes,1,Bank transfer,133.8,2,2,Yes
10272,46,66.67,2915.89,Month-to-month,Fiber optic,Yes,3,Electronic check,258.1,1,3,No
10273,6,73.69,447.78,Month-to-month,Fiber optic,Yes,2,Mailed check,61.4,2,4,No
10274,37,82.0,2753.63,Two year,Fiber optic,No,2,Bank transfer,296.0,1,3,Yes
10275,24,75.7,1837.18,Month-to-month,None,Yes,3,Credit card,95.9,1,2,No
10276,46,30.14,1294.5,Month-to-month,Fiber optic,Yes,1,Bank transfer,169.8,3,5,No
10277,53,82.7,4105.63,Two year,Fiber optic,Yes,2,Electronic check,258.9,1,1,No
10278,60,19.8,1273.09,Two year,DSL,Yes,2,Bank transfer,284.4,3,4,No
10279,63,53.68,2904.59,Month-to-month,None,No,2,Bank transfer,315.8,1,1,No
10280,32,84.64,2611.74,One year,DSL,No,0,Electronic check,115.9,2,4,No
10281,33,87.0,2791.36,Two year,Fiber optic,Yes,0,Credit card,210.7,4,2,No
10282,67,51.75,3451.76,Two year,Fiber optic,Yes,3,Mailed check,343.8,2,2,No
10283,18,60.54,1144.97,Month-to-month,Fiber optic,Yes,3,Credit card,210.7,2,2,Yes
10284,25,57.15,1372.89,Month-to-month,Fiber optic,Yes,1,Bank transfer,268.0,2,3,No
10285,54,69.43,3426.57,Month-to-month,Fiber optic,No,2,Bank transfer,255.4,3,4,No
10286,58,71.33,4614.82,Month-to-month,Fiber optic,Yes,2,Bank transfer,363.6,1,2,No
10287,67,88.71,6801.3,One year,None,Yes,0,Mailed check,195.7,2,5,No
10288,46,59.08,2326.35,Month-to-month,Fiber optic,Yes,4,Mailed check,108.0,1,3,No
10289,24,81.33,1979.13,One year,DSL,Yes,1,Credit card,148.1,1,3,No
10290,32,84.68,2581.08,Month-to-month,DSL,Yes,4,Bank transfer,257.9,1,2,No
10291,47,76.96,3375.12,Month-to-month,Fiber optic,Yes,3,Credit card,90.9,1,4,No
10292,23,65.51,1432.47,Two year,DSL,Yes,4,Credit card,188.3,2,4,No
10293,66,76.52,5260.73,Month-to-month,Fiber optic,No,1,Credit card,247.2,3,4,No
10294,27,90.79,2223.88,Month-to-month,Fiber optic,Yes,1,Bank transfer,167.2,3,3,No
10295,2,92.98,208.99,Two year,DSL,Yes,2,Mailed check,271.1,2,3,No
10296,17,117.38,1975.17,Month-to-month,Fiber optic,No,0,Electronic check,308.8,1,4,No
10297,33,47.25,1477.66,One year,None,Yes,1,Bank transfer,283.2,1,2,No
10298,9,61.0,592.73,One year,Fiber optic,No,4,Electronic check,93.0,1,3,Yes
10299,43,31.66,1163.85,Month-to-month,DSL,Yes,1,Electronic check,247.5,2,2,No
10300,48,95.28,4479.94,Two year,Fiber optic,Yes,1,Electronic check,255.0,1,3,No
10301,39,63.64,2374.22,Month-to-month,Fiber optic,Yes,5,Credit card,203.8,2,2,No
10302,42,77.15,3083.03,Month-to-month,Fiber optic,Yes,4,Credit card,269.8,3,5,No
10303,26,56.89,1406.84,Month-to-month,DSL,Yes,3,Bank transfer,266.4,2,4,No
10304,50,63.83,2742.72,Month-to-month,DSL,No,4,Mailed check,231.4,3,4,No
10305,25,102.58,2296.86,Two year,DSL,Yes,2,Bank transfer,144.6,2,3,Yes
10306,24,89.36,1914.23,Month-to-month,Fiber optic,Yes,3,Bank transfer,237.5,1,4,No
10307,13,69.21,1031.62,Month-to-month,DSL,Yes,2,Mailed check,417.4,1,4,No
10308,60,91.2,4687.59,Month-to-month,DSL,Yes,1,Mailed check,202.7,3,4,No
10309,7,91.75,578.1,One year,DSL,Yes,3,Mailed check,339.5,2,1,No
10310,57,62.21,4050.39,Month-to-month,Fiber optic,Yes,1,Bank transfer,243.7,2,5,No
10311,36,35.27,1318.57,Month-to-month,DSL,No,4,Bank transfer,163.9,1,4,No
10312,45,49.52,2195.42,One year,DSL,No,2,Mailed check,211.8,2,5,No
10313,20,38.49,672.52,Month-to-month,Fiber optic,Yes,3,Credit card,238.4,1,1,Yes
10314,65,101.11,6906.66,Month-to-month,DSL,Yes,2,Electronic check,302.2,1,3,Yes
10315,8,105.45,751.94,Month-to-month,DSL,No,2,Electronic check,466.1,1,2,No
10316,16,111.66,1878.31,Month-to-month,Fiber optic,No,1,Mailed check,245.2,2,4,No
10317,14,21.51,344.43,Two year,Fiber optic,Yes,1,Electronic check,123.1,1,3,No
10318,15,98.79,1496.06,Month-to-month,Fiber optic,No,1,Mailed check,82.8,1,5,Yes
10319,66,127.3,7681.14,Month-to-month,DSL,Yes,4,Electronic check,199.9,2,5,No
10320,32,99.8,3313.63,Month-to-month,DSL,No,1,Mailed check,132.8,2,4,Yes
10321,63,18.22,1152.31,One year,Fiber optic,Yes,3,Electronic check,293.0,2,4,No
10322,51,116.21,5985.63,One year,DSL,Yes,0,Bank transfer,293.7,2,4,No
10323,25,73.04,1814.01,Month-to-month,DSL,No,3,Mailed check,226.1,4,4,No
10324,58,66.19,4039.12,One year,Fiber optic,Yes,5,Electronic check,302.5,1,3,Yes
10325,63,83.28,5359.88,One year,DSL,Yes,2,Bank transfer,246.2,1,4,Yes
10326,62,45.77,3252.33,Two year,None,Yes,0,Electronic check,417.4,2,5,No
10327,22,72.07,1740.54,One year,DSL,No,0,Credit card,299.5,1,3,Yes
10328,58,112.51,6064.94,Month-to-month,DSL,No,0,Credit card,325.1,2,5,No
10329,58,87.56,5422.43,Month-to-month,None,No,5,Electronic check,102.4,2,1,No
10330,49,73.46,3291.02,Month-to-month,DSL,Yes,3,Credit card,128.7,4,3,Yes
10331,52,74.24,4187.48,Month-to-month,Fiber optic,No,1,Credit card,285.5,3,2,No
10332,42,42.47,1595.14,Two year,DSL,Yes,3,Credit card,92.8,4,2,No
10333,70,68.25,4739.6,Month-to-month,DSL,Yes,1,Bank transfer,180.7,1,5,No
10334,15,31.14,507.82,Month-to-month,DSL,No,2,Electronic check,352.0,3,5,No
10335,54,97.56,4920.71,One year,Fiber optic,Yes,1,Credit card,178.6,1,4,Yes
10336,60,18.0,1189.23,Month-to-month,DSL,Yes,3,Electronic check,125.1,2,5,No
10337,8,93.37,779.26,Month-to-month,Fiber optic,Yes,2,Electronic check,303.4,2,2,Yes
10338,53,96.49,4956.75,Month-to-month,None,Yes,2,Electronic check,437.0,1,2,Yes
10339,60,104.97,6153.5,Month-to-month,Fiber optic,No,3,Electronic check,163.2,2,4,No
10340,5,74.17,418.24,One year,Fiber optic,Yes,6,Mailed check,356.3,1,5,Yes
10341,68,94.92,5908.1,Month-to-month,Fiber optic,No,2,Bank transfer,151.3,1,1,No
10342,6,68.01,431.73,Month-to-month,Fiber optic,Yes,0,Credit card,229.3,3,5,No
10343,47,42.33,2113.23,Month-to-month,DSL,Yes,3,Electronic check,233.4,1,4,No
10344,55,110.27,6833.48,Month-to-month,None,Yes,1,Credit card,165.7,1,5,Yes
10345,40,69.58,2961.18,One year,DSL,No,0,Credit card,323.2,2,3,No
10346,52,36.76,1959.96,Month-to-month,Fiber optic,Yes,0,Electronic check,93.7,3,3,No
10347,16,60.33,1081.84,Month-to-month,Fiber optic,No,5,Mailed check,258.5,1,4,Yes
10348,13,61.32,875.87,Two year,DSL,Yes,0,Credit card,342.0,1,5,No
10349,30,83.54,2669.19,One year,None,Yes,7,Bank transfer,315.3,3,3,No
10350,19,130.68,2134.75,Month-to-month,Fiber optic,Yes,2,Bank transfer,286.7,1,5,No
10351,17,85.06,1391.15,Month-to-month,Fiber optic,No,4,Bank transfer,390.6,1,5,No
10352,63,77.17,5054.07,One year,Fiber optic,No,4,Mailed check,219.1,3,1,No
10353,19,133.39,2551.33,One year,DSL,Yes,1,Electronic check,95.2,2,2,No
10354,58,96.47,5291.97,Month-to-month,DSL,Yes,2,Bank transfer,252.8,3,4,No
10355,55,78.36,3850.06,Two year,Fiber optic,No,1,Electronic check,228.1,1,4,No
10356,62,60.01,3779.77,Month-to-month,Fiber optic,No,2,Bank transfer,39.0,3,4,No
10357,23,79.91,1719.89,Month-to-month,DSL,Yes,0,Credit card,133.1,4,2,No
10358,9,70.34,582.35,Month-to-month,Fiber optic,No,3,Bank transfer,121.0,1,4,Yes
10359,12,74.29,864.46,Month-to-month,Fiber optic,No,2,Credit card,162.6,1,4,No
10360,1,104.86,113.84,One year,DSL,Yes,2,Mailed check,206.6,4,3,No
10361,58,58.49,3380.06,Month-to-month,Fiber optic,No,3,Bank transfer,210.3,2,4,No
10362,1,84.84,77.62,Month-to-month,Fiber optic,Yes,0,Bank transfer,166.0,2,3,Yes
10363,34,95.72,2880.45,Two year,DSL,Yes,2,Credit card,120.9,2,2,Yes
10364,48,55.45,2660.79,Month-to-month,DSL,Yes,0,Bank transfer,275.9,3,4,No
10365,1,51.43,55.97,Month-to-month,DSL,Yes,0,Electronic check,251.1,3,5,No
10366,16,68.24,1141.9,Month-to-month,DSL,No,5,Credit card,253.9,1,3,No
10367,61,60.46,3391.7,Month-to-month,DSL,Yes,3,Bank transfer,409.0,1,3,No
10368,64,100.81,6329.33,Month-to-month,DSL,Yes,1,Electronic check,255.5,3,3,No
10369,63,46.96,3273.76,One year,Fiber optic,Yes,4,Bank transfer,205.2,3,3,No
10370,69,73.71,4594.16,Month-to-month,DSL,Yes,0,Credit card,229.9,2,3,No
10371,22,135.65,3013.02,Month-to-month,None,Yes,2,Bank transfer,249.4,4,4,No
10372,67,82.33,5278.2,One year,Fiber optic,Yes,1,Electronic check,298.5,2,1,No
10373,26,86.48,1994.97,One year,Fiber optic,Yes,2,Credit card,235.8,1,5,No
10374,16,101.02,1398.07,Month-to-month,Fiber optic,No,2,Credit card,55.4,3,1,Yes
10375,51,60.43,3133.59,Month-to-month,Fiber optic,No,2,Bank transfer,198.5,2,5,No
10376,57,44.96,2194.26,Month-to-month,Fiber optic,Yes,2,Electronic check,240.1,1,5,No
10377,29,76.41,1952.27,Month-to-month,DSL,No,2,Electronic check,363.9,1,4,No
10378,69,78.64,5178.02,Month-to-month,None,Yes,2,Bank transfer,165.3,3,2,No
10379,47,31.54,1279.38,Month-to-month,Fiber optic,Yes,1,Credit card,84.7,4,4,No
10380,62,81.38,4894.87,Two year,Fiber optic,Yes,2,Electronic check,246.1,1,4,No
10381,69,98.75,6058.17,Month-to-month,Fiber optic,Yes,4,Mailed check,322.3,1,5,No
10382,16,49.18,751.44,One year,DSL,Yes,2,Electronic check,202.6,2,4,No
10383,48,82.89,4326.25,Month-to-month,Fiber optic,No,2,Bank transfer,466.4,3,3,No
10384,39,94.31,3817.52,One year,Fiber optic,Yes,1,Electronic check,444.0,2,5,No
10385,33,86.67,2813.26,One year,Fiber optic,No,3,Electronic check,233.1,2,5,Yes
10386,23,89.03,1796.95,Two year,Fiber optic,Yes,0,Electronic check,257.7,2,4,No
10387,10,65.88,682.35,Month-to-month,Fiber optic,No,3,Bank transfer,370.0,1,5,No
10388,69,43.81,2717.92,Month-to-month,DSL,Yes,3,Mailed check,231.5,2,4,No
10389,34,60.82,1805.21,Month-to-month,DSL,Yes,2,Electronic check,163.6,1,4,No
10390,52,57.35,3128.92,One year,DSL,Yes,0,Credit card,324.4,3,4,No
10391,10,69.99,786.42,Month-to-month,Fiber optic,Yes,2,Electronic check,284.1,1,4,Yes
10392,19,99.33,1864.96,Month-to-month,DSL,Yes,3,Mailed check,163.3,2,3,Yes
10393,58,39.2,1960.52,Month-to-month,DSL,No,1,Credit card,266.5,1,4,No
10394,1,75.61,84.24,Month-to-month,Fiber optic,Yes,2,Mailed check,224.8,2,4,Yes
10395,69,45.41,2726.25,Month-to-month,DSL,No,1,Bank transfer,203.4,1,3,Yes
10396,4,53.5,237.59,Month-to-month,Fiber optic,Yes,3,Electronic check,165.3,1,3,No
10397,16,85.97,1330.88,Two year,DSL,No,3,Credit card,251.5,1,4,No
10398,24,42.25,973.05,One year,Fiber optic,Yes,5,Mailed check,214.7,3,4,No
10399,2,90.36,183.04,Two year,None,Yes,0,Credit card,267.0,1,2,Yes
10400,32,38.2,1390.02,Month-to-month,Fiber optic,No,7,Electronic check,317.9,2,5,No
10401,24,88.67,2382.65,Two year,DSL,Yes,2,Mailed check,262.0,2,5,No
10402,12,33.26,395.57,One year,DSL,Yes,4,Credit card,263.6,2,4,No
10403,50,56.55,2993.61,One year,DSL,Yes,3,Credit card,188.6,2,2,No
10404,35,119.41,4280.19,One year,Fiber optic,Yes,3,Electronic check,351.6,4,5,Yes
10405,33,114.71,4005.13,Month-to-month,Fiber optic,Yes,6,Credit card,159.4,1,5,No
10406,33,61.69,2236.9,One year,DSL,No,1,Electronic check,86.9,1,3,No
10407,61,81.75,4290.34,Month-to-month,Fiber optic,Yes,0,Bank transfer,138.3,3,2,No
10408,51,102.1,4934.91,Month-to-month,Fiber optic,Yes,3,Electronic check,338.3,1,3,No
10409,43,89.03,4355.82,Month-to-month,DSL,Yes,1,Bank transfer,283.6,3,4,No
10410,12,65.16,887.32,Two year,DSL,Yes,0,Electronic check,364.6,1,2,Yes
10411,67,53.28,3046.31,Two year,Fiber optic,No,0,Electronic check,114.3,2,4,No
10412,65,93.7,5544.99,Two year,Fiber optic,No,1,Electronic check,460.4,1,3,No
10413,33,100.27,3799.06,One year,Fiber optic,Yes,4,Electronic check,213.1,3,5,No
10414,40,114.89,4585.71,Month-to-month,DSL,No,4,Credit card,72.8,2,3,No
10415,43,29.82,1310.29,Month-to-month,DSL,Yes,1,Credit card,448.6,1,4,No
10416,44,40.67,1610.4,Month-to-month,DSL,Yes,4,Credit card,115.5,1,5,No
10417,29,101.05,3277.12,Month-to-month,None,Yes,3,Electronic check,202.2,1,3,No
10418,13,33.21,396.92,Month-to-month,Fiber optic,Yes,2,Mailed check,220.5,2,3,Yes
10419,12,102.96,1120.49,Month-to-month,Fiber optic,Yes,2,Bank transfer,282.2,1,5,No
10420,46,66.63,2814.99,Month-to-month,Fiber optic,Yes,1,Credit card,164.8,1,3,No
10421,2,58.98,132.81,Two year,Fiber optic,No,3,Mailed check,338.7,2,5,No
10422,35,77.14,2864.2,Month-to-month,None,Yes,3,Credit card,311.6,2,2,Yes
10423,8,38.37,331.69,Two year,DSL,No,6,Credit card,241.8,1,2,No
10424,26,92.6,2318.79,One year,Fiber optic,Yes,2,Credit card,365.8,1,5,No
10425,34,114.24,4360.95,Month-to-month,Fiber optic,No,2,Electronic check,233.6,2,4,No
10426,7,93.76,713.3,Month-to-month,DSL,No,2,Electronic check,213.8,4,4,No
10427,68,65.84,4813.71,Month-to-month,DSL,Yes,3,Mailed check,429.8,1,3,No
10428,58,33.55,2220.82,Month-to-month,Fiber optic,No,5,Mailed check,268.1,3,2,No
10429,29,34.51,960.62,One year,None,Yes,3,Electronic check,146.4,1,5,No
10430,36,38.76,1441.81,Month-to-month,DSL,No,4,Electronic check,159.2,1,3,No
10431,21,71.69,1690.63,Month-to-month,Fiber optic,Yes,2,Bank transfer,241.8,2,3,No
10432,36,74.84,2929.36,Month-to-month,DSL,Yes,2,Mailed check,20.0,1,1,No
10433,10,93.71,954.92,Two year,Fiber optic,No,2,Electronic check,179.9,2,3,No
10434,24,27.1,567.71,One year,None,Yes,2,Bank transfer,230.5,3,4,No
10435,64,104.78,7013.17,One year,None,Yes,2,Bank transfer,224.1,4,5,No
10436,49,89.36,4413.52,Month-to-month,DSL,No,4,Bank transfer,120.5,1,4,No
10437,36,63.83,2080.17,One year,DSL,Yes,2,Electronic check,197.4,1,4,No
10438,24,42.26,1130.55,One year,Fiber optic,Yes,4,Bank transfer,352.1,4,4,No
10439,23,103.23,2262.64,One year,None,Yes,3,Bank transfer,332.4,1,4,No
10440,62,64.5,3864.01,Two year,DSL,Yes,4,Electronic check,249.1,2,4,No
10441,37,71.5,2782.33,Month-to-month,DSL,No,5,Bank transfer,233.5,1,3,Yes
10442,12,81.59,975.79,Two year,None,Yes,2,Mailed check,224.6,1,3,No
10443,55,49.17,2371.13,Two year,None,Yes,6,Electronic check,262.4,1,5,No
10444,13,64.95,815.84,Month-to-month,DSL,No,4,Mailed check,249.7,3,1,No
10445,23,93.63,1891.5,Month-to-month,Fiber optic,No,1,Electronic check,270.8,3,2,No
10446,30,91.1,2479.45,Two year,None,Yes,1,Electronic check,287.7,1,4,Yes
10447,17,91.33,1323.06,Month-to-month,DSL,Yes,3,Credit card,124.9,3,4,No
10448,62,43.12,2417.84,Month-to-month,None,No,0,Electronic check,210.5,1,4,No
10449,13,66.09,815.47,Two year,DSL,Yes,3,Credit card,258.8,1,3,No
10450,59,62.09,3705.31,Month-to-month,Fiber optic,Yes,1,Bank transfer,148.2,3,5,No
10451,19,82.63,1767.45,Month-to-month,Fiber optic,Yes,0,Electronic check,176.0,2,4,No
10452,49,80.39,3986.77,One year,DSL,Yes,1,Electronic check,219.3,1,5,No
10453,12,75.89,966.85,Month-to-month,DSL,Yes,5,Bank transfer,224.0,1,1,Yes
10454,61,133.64,7803.97,Month-to-month,Fiber optic,Yes,1,Bank transfer,260.6,4,3,Yes
10455,19,64.73,1322.71,Month-to-month,DSL,No,2,Electronic check,159.4,3,3,Yes
10456,9,61.8,576.3,One year,Fiber optic,Yes,1,Electronic check,332.0,3,2,Yes
10457,71,43.08,3021.79,Month-to-month,DSL,No,2,Credit card,223.2,1,1,No
10458,28,33.55,853.1,One year,Fiber optic,Yes,3,Electronic check,253.8,3,3,Yes
10459,52,41.49,2030.32,One year,Fiber optic,No,4,Credit card,204.9,1,4,Yes
10460,16,54.03,895.85,Month-to-month,Fiber optic,No,0,Bank transfer,262.4,4,4,No
10461,69,104.75,7067.42,One year,Fiber optic,Yes,1,Mailed check,398.8,1,4,No
10462,12,72.98,978.06,Month-to-month,Fiber optic,Yes,4,Electronic check,204.0,1,1,Yes
10463,25,76.83,1767.96,One year,Fiber optic,Yes,1,Electronic check,188.3,2,3,Yes
10464,52,69.59,3155.21,Month-to-month,Fiber optic,No,4,Credit card,161.1,3,2,No
10465,53,81.13,4415.15,Two year,None,No,5,Electronic check,234.3,3,3,No
10466,23,107.05,2747.3,Month-to-month,DSL,Yes,1,Electronic check,233.2,1,3,Yes
10467,16,22.15,340.02,Month-to-month,Fiber optic,Yes,2,Bank transfer,244.9,2,4,No
10468,57,102.46,6099.02,One year,None,Yes,3,Electronic check,284.5,3,5,No
10469,39,18.0,645.44,Month-to-month,Fiber optic,No,1,Mailed check,272.5,1,5,No
10470,53,72.71,3921.23,Month-to-month,DSL,Yes,3,Credit card,237.9,3,4,No
10471,42,126.8,5783.8,Month-to-month,DSL,Yes,2,Mailed check,425.6,4,5,No
10472,58,89.02,5731.67,One year,Fiber optic,Yes,3,Credit card,305.6,1,4,No
10473,39,81.33,2796.12,One year,Fiber optic,Yes,1,Credit card,136.5,1,5,No
10474,14,122.05,1635.08,Month-to-month,Fiber optic,No,0,Electronic check,93.2,1,4,No
10475,5,54.42,283.5,Month-to-month,Fiber optic,Yes,3,Mailed check,173.9,1,4,No
10476,35,82.85,2494.99,Month-to-month,DSL,Yes,0,Mailed check,254.5,2,4,No
10477,18,86.45,1645.08,One year,Fiber optic,Yes,1,Bank transfer,165.9,2,1,No
10478,9,58.94,534.92,One year,Fiber optic,Yes,0,Electronic check,180.4,2,4,No
10479,58,61.15,3321.73,Month-to-month,Fiber optic,Yes,2,Credit card,242.5,1,5,No
10480,17,58.41,1086.7,Month-to-month,Fiber optic,No,1,Bank transfer,207.5,2,4,No
10481,7,74.18,486.55,Month-to-month,DSL,No,1,Mailed check,45.5,2,1,No
10482,46,85.67,4521.79,Month-to-month,Fiber optic,Yes,1,Bank transfer,342.3,4,3,No
10483,13,75.08,1068.68,Month-to-month,DSL,Yes,0,Mailed check,320.3,1,5,No
10484,40,89.74,3813.57,Month-to-month,Fiber optic,No,1,Credit card,117.9,2,5,No
10485,42,22.77,830.49,One year,Fiber optic,Yes,0,Bank transfer,245.4,3,3,No
10486,9,66.54,671.5,Month-to-month,DSL,Yes,2,Electronic check,133.9,2,5,No
10487,50,46.41,2522.42,Two year,Fiber optic,No,3,Electronic check,182.2,1,5,No
10488,27,79.54,1973.0,Month-to-month,DSL,No,2,Credit card,286.2,1,2,No
10489,66,79.17,5056.31,One year,DSL,No,3,Bank transfer,317.0,3,5,No
10490,5,69.11,321.57,One year,Fiber optic,No,2,Credit card,314.7,1,3,No
10491,29,84.76,2815.25,Month-to-month,Fiber optic,No,1,Electronic check,263.3,3,4,No
10492,37,96.95,3968.32,Month-to-month,Fiber optic,Yes,4,Electronic check,361.1,3,4,No
10493,38,70.49,3024.34,One year,Fiber optic,Yes,0,Electronic check,182.0,1,4,No
10494,8,45.71,397.36,Month-to-month,Fiber optic,Yes,1,Bank transfer,203.1,2,4,No
10495,65,32.47,2082.91,Two year,Fiber optic,Yes,4,Mailed check,20.0,1,3,No
10496,17,72.9,1129.78,Month-to-month,Fiber optic,Yes,4,Electronic check,231.2,1,5,No
10497,71,78.05,5056.24,Two year,DSL,Yes,0,Bank transfer,295.1,2,5,No
10498,45,47.76,1924.62,Month-to-month,DSL,Yes,7,Mailed check,267.1,2,4,No
10499,4,90.14,365.61,One year,DSL,Yes,3,Electronic check,180.7,1,3,No
10500,36,60.53,2453.62,One year,Fiber optic,Yes,3,Mailed check,320.2,3,1,Yes
10501,70,30.59,2457.23,One year,Fiber optic,Yes,4,Bank transfer,233.0,1,4,No
10502,31,103.41,3001.15,Month-to-month,DSL,Yes,2,Electronic check,312.8,2,5,No
10503,19,100.6,2024.54,One year,DSL,No,3,Electronic check,286.2,2,2,No
10504,61,21.61,1356.61,Month-to-month,DSL,Yes,1,Electronic check,375.3,1,5,No
10505,54,57.93,3117.84,One year,Fiber optic,Yes,3,Bank transfer,272.2,4,5,No
10506,39,56.96,2331.91,Month-to-month,DSL,No,2,Credit card,297.9,2,4,Yes
10507,19,112.99,2063.96,Two year,DSL,Yes,1,Mailed check,232.7,2,4,No
10508,39,69.52,3072.82,Month-to-month,Fiber optic,Yes,3,Electronic check,192.2,2,4,No
10509,67,34.6,2461.08,One year,Fiber optic,Yes,2,Credit card,286.6,1,4,Yes
10510,45,94.05,4555.0,Two year,Fiber optic,Yes,2,Credit card,382.8,1,3,No
10511,13,41.23,494.57,One year,Fiber optic,No,3,Bank transfer,181.5,2,5,No
10512,58,65.49,3420.76,Month-to-month,Fiber optic,Yes,3,Credit card,216.4,3,4,No
10513,20,52.76,1021.75,Month-to-month,DSL,Yes,0,Bank transfer,242.5,3,4,No
10514,72,57.99,4509.31,Two year,None,Yes,5,Bank transfer,305.1,1,5,No
10515,61,95.43,6587.53,Month-to-month,Fiber optic,Yes,2,Mailed check,272.8,2,2,No
10516,39,110.03,4197.62,Month-to-month,Fiber optic,Yes,2,Mailed check,326.7,1,1,Yes
10517,1,40.14,43.44,One year,Fiber optic,Yes,1,Electronic check,427.5,1,5,Yes
10518,3,87.65,260.62,One year,DSL,Yes,2,Credit card,179.3,2,3,Yes
10519,62,53.68,3123.71,Month-to-month,Fiber optic,Yes,4,Credit card,297.9,2,4,No
10520,63,54.46,3677.25,One year,None,Yes,1,Bank transfer,270.5,1,3,No
10521,25,84.27,2295.22,One year,Fiber optic,Yes,3,Electronic check,241.8,2,1,No
10522,56,46.3,2361.66,Month-to-month,Fiber optic,Yes,0,Electronic check,297.6,2,1,No
10523,33,83.77,2602.83,Two year,DSL,No,1,Electronic check,214.7,1,5,No
10524,38,90.25,3424.13,Month-to-month,DSL,Yes,3,Electronic check,270.7,3,4,No
10525,6,61.19,332.61,Month-to-month,Fiber optic,Yes,1,Bank transfer,116.0,1,4,No
10526,58,105.18,6885.26,Month-to-month,Fiber optic,Yes,3,Credit card,188.8,2,5,No
10527,44,40.18,1816.36,Month-to-month,None,Yes,1,Electronic check,339.5,3,2,No
10528,45,105.64,4213.58,Two year,Fiber optic,No,2,Electronic check,335.9,2,3,No
10529,32,23.4,677.82,Month-to-month,DSL,Yes,1,Bank transfer,264.6,3,4,No
10530,45,139.49,7132.65,Month-to-month,Fiber optic,No,4,Electronic check,197.0,1,4,No
10531,61,61.84,4041.77,Month-to-month,DSL,Yes,3,Credit card,318.4,2,3,No
10532,47,42.94,2160.1,One year,DSL,No,1,Electronic check,357.5,2,5,No
10533,21,66.18,1211.54,One year,Fiber optic,Yes,2,Electronic check,200.8,2,5,No
10534,36,45.84,1845.94,Month-to-month,DSL,No,0,Electronic check,101.8,3,1,No
10535,19,81.67,1525.54,Month-to-month,Fiber optic,Yes,3,Electronic check,282.7,2,2,Yes
10536,20,106.19,2225.56,Two year,Fiber optic,Yes,3,Bank transfer,326.8,3,5,No
10537,57,47.16,3058.83,Month-to-month,DSL,Yes,2,Electronic check,295.8,1,3,No
10538,18,86.48,1369.85,Month-to-month,Fiber optic,Yes,4,Mailed check,388.7,1,2,Yes
10539,47,33.68,1574.54,Month-to-month,DSL,No,2,Mailed check,389.1,2,4,No
10540,49,97.82,4145.54,One year,Fiber optic,Yes,3,Electronic check,211.0,2,3,No
10541,14,82.41,1153.58,Month-to-month,Fiber optic,Yes,1,Electronic check,258.9,4,4,No
10542,15,98.9,1373.24,Month-to-month,Fiber optic,Yes,1,Mailed check,192.8,1,2,Yes
10543,31,68.94,2400.69,Month-to-month,Fiber optic,Yes,4,Bank transfer,142.9,1,4,No
10544,1,61.12,59.26,Two year,Fiber optic,Yes,3,Credit card,148.5,2,4,No
10545,54,92.4,5189.99,Month-to-month,DSL,Yes,1,Electronic check,308.1,3,2,Yes
10546,3,39.3,130.64,One year,None,Yes,2,Electronic check,268.8,3,3,No
10547,16,28.43,520.89,Month-to-month,DSL,No,1,Electronic check,324.5,1,4,No
10548,57,71.88,4101.85,Month-to-month,Fiber optic,Yes,1,Mailed check,480.5,1,5,No
10549,12,62.26,737.2,One year,Fiber optic,Yes,1,Bank transfer,287.5,2,5,Yes
10550,16,85.85,1198.77,Month-to-month,Fiber optic,No,0,Credit card,165.1,1,3,No
10551,72,99.29,6103.87,Two year,Fiber optic,Yes,3,Bank transfer,338.3,4,4,No
10552,24,85.33,2114.77,Two year,Fiber optic,Yes,1,Electronic check,163.4,2,4,No
10553,28,97.3,2369.25,Two year,Fiber optic,Yes,3,Mailed check,406.1,1,5,No
10554,8,80.03,617.26,Month-to-month,Fiber optic,Yes,2,Credit card,52.7,1,4,Yes
10555,36,84.36,2584.7,One year,None,Yes,4,Electronic check,188.1,1,1,Yes
10556,8,69.08,571.74,Month-to-month,Fiber optic,No,2,Mailed check,299.1,3,4,Yes
10557,58,83.63,4742.01,Two year,Fiber optic,Yes,0,Credit card,351.9,1,2,No
10558,60,76.17,4058.82,One year,Fiber optic,Yes,6,Bank transfer,175.7,1,2,No
10559,50,80.13,3761.74,Two year,Fiber optic,No,2,Bank transfer,158.5,4,4,No
10560,28,67.83,1938.93,Month-to-month,DSL,No,2,Electronic check,254.1,1,5,Yes
10561,41,92.22,3958.78,Month-to-month,Fiber optic,Yes,0,Mailed check,421.4,2,3,No
10562,64,54.24,3432.14,Month-to-month,Fiber optic,Yes,3,Electronic check,93.9,1,4,No
10563,27,71.54,2107.72,One year,Fiber optic,Yes,0,Bank transfer,210.2,2,3,No
10564,63,104.79,5834.2,Month-to-month,Fiber optic,No,1,Electronic check,264.7,1,5,Yes
10565,17,48.28,718.46,Month-to-month,Fiber optic,No,0,Credit card,164.4,1,4,No
10566,33,18.0,512.78,One year,DSL,Yes,3,Credit card,164.1,2,2,No
10567,29,81.16,2378.94,One year,DSL,Yes,3,Mailed check,217.8,1,3,No
10568,13,65.58,905.29,Month-to-month,DSL,Yes,2,Electronic check,267.8,2,3,No
10569,46,97.27,3978.46,One year,Fiber optic,No,2,Electronic check,221.5,1,2,Yes
10570,35,68.74,2506.19,Month-to-month,DSL,Yes,1,Credit card,379.2,2,1,Yes
10571,6,56.89,338.98,Month-to-month,DSL,Yes,6,Bank transfer,296.3,3,4,No
10572,69,70.1,5544.07,Month-to-month,Fiber optic,No,3,Bank transfer,276.4,1,3,No
10573,47,99.33,4973.09,Month-to-month,DSL,Yes,2,Electronic check,337.6,1,4,No
10574,25,86.38,2261.52,Month-to-month,Fiber optic,Yes,1,Mailed check,278.1,3,2,No
10575,66,18.0,1213.11,One year,Fiber optic,Yes,1,Bank transfer,197.9,2,4,No
10576,10,76.64,880.75,Month-to-month,DSL,Yes,1,Mailed check,215.0,1,3,No
10577,56,77.89,4990.55,Month-to-month,Fiber optic,Yes,3,Bank transfer,132.7,2,1,No
10578,30,71.54,2170.74,Two year,DSL,Yes,1,Credit card,430.5,1,4,No
10579,5,56.73,279.84,Month-to-month,Fiber optic,No,3,Electronic check,328.4,1,2,Yes
10580,33,101.86,3323.18,Month-to-month,DSL,No,1,Electronic check,20.0,4,5,No
10581,65,103.1,6557.44,One year,None,Yes,3,Mailed check,366.6,3,4,No
10582,18,18.0,327.05,Two year,DSL,Yes,0,Electronic check,100.7,2,4,No
10583,49,52.05,2377.21,One year,Fiber optic,Yes,2,Bank transfer,289.5,1,2,Yes
10584,11,68.38,848.49,One year,Fiber optic,No,5,Bank transfer,30.6,1,3,No
10585,26,95.71,2481.17,Two year,Fiber optic,No,2,Credit card,199.3,3,4,No
10586,63,72.87,5061.84,Month-to-month,Fiber optic,Yes,0,Bank transfer,367.4,1,4,No
10587,59,54.91,3215.69,One year,Fiber optic,Yes,3,Electronic check,372.7,1,2,No
10588,27,89.74,2581.65,Month-to-month,DSL,Yes,3,Electronic check,269.1,1,1,Yes
10589,49,66.72,3109.3,Two year,DSL,Yes,2,Credit card,314.8,2,3,No
10590,33,69.06,2364.31,Month-to-month,None,Yes,4,Electronic check,105.7,1,4,No
10591,1,71.32,71.29,Month-to-month,Fiber optic,No,1,Bank transfer,291.1,1,2,Yes
10592,21,86.36,1741.26,Month-to-month,Fiber optic,No,2,Credit card,320.8,3,4,No
10593,55,64.29,3940.7,One year,Fiber optic,Yes,3,Electronic check,484.1,2,3,No
10594,6,89.17,472.86,Month-to-month,None,No,0,Electronic check,180.8,1,3,No
10595,69,70.17,4822.74,Two year,DSL,No,2,Bank transfer,241.5,2,3,No
10596,5,45.32,205.82,Two year,DSL,Yes,1,Credit card,247.4,1,4,No
10597,3,71.08,236.34,Month-to-month,None,Yes,1,Electronic check,306.4,2,1,Yes
10598,53,46.62,2288.12,One year,DSL,No,1,Credit card,323.6,2,2,No
10599,23,73.02,1746.69,One year,Fiber optic,Yes,5,Bank transfer,340.8,1,3,Yes
10600,53,92.74,4422.07,One year,Fiber optic,No,4,Credit card,333.9,1,3,Yes
10601,37,45.16,1623.26,Month-to-month,DSL,No,2,Electronic check,99.3,2,3,No
10602,17,81.11,1544.07,Month-to-month,Fiber optic,Yes,1,Electronic check,20.0,4,5,No
10603,1,51.27,46.13,Month-to-month,Fiber optic,No,2,Credit card,191.1,2,5,Yes
10604,51,77.04,4121.4,Month-to-month,None,No,2,Credit card,236.6,1,3,No
10605,45,93.51,3834.93,Two year,None,No,1,Mailed check,181.7,1,5,Yes
10606,4,18.76,73.14,Month-to-month,DSL,Yes,3,Bank transfer,196.3,1,3,No
10607,62,44.14,2770.03,Two year,DSL,Yes,4,Credit card,208.1,1,3,No
10608,65,62.78,4175.34,Month-to-month,DSL,Yes,2,Electronic check,294.9,2,5,No
10609,32,79.88,2634.77,Month-to-month,Fiber optic,Yes,1,Bank transfer,141.8,2,5,Yes
10610,34,67.84,2403.53,One year,Fiber optic,Yes,2,Credit card,232.6,1,5,No
10611,72,70.85,4751.92,Two year,DSL,Yes,3,Mailed check,233.3,1,2,No
10612,39,123.07,4657.71,Month-to-month,DSL,Yes,3,Electronic check,292.7,2,2,No
10613,26,41.69,933.48,Month-to-month,Fiber optic,No,1,Credit card,350.4,1,4,No
10614,34,100.39,3688.46,Month-to-month,None,No,2,Electronic check,400.0,4,4,No
10615,54,63.25,3760.91,Month-to-month,Fiber optic,No,3,Electronic check,169.1,2,2,No
10616,3,85.74,234.01,Month-to-month,Fiber optic,Yes,1,Credit card,50.0,3,5,No
10617,50,125.22,5700.22,Month-to-month,DSL,No,3,Bank transfer,217.0,3,4,No
10618,12,89.22,923.55,Month-to-month,Fiber optic,No,3,Credit card,89.1,3,3,No
10619,65,81.31,6030.96,One year,Fiber optic,Yes,2,Credit card,499.8,1,4,No
10620,54,111.98,6604.18,Month-to-month,Fiber optic,Yes,2,Electronic check,157.1,4,4,No
10621,5,100.12,479.68,Month-to-month,DSL,Yes,2,Electronic check,293.6,1,1,Yes
10622,57,52.02,2949.05,Month-to-month,Fiber optic,No,1,Electronic check,328.7,1,5,No
10623,17,79.36,1264.92,One year,DSL,Yes,3,Electronic check,272.4,2,3,No
10624,47,29.06,1405.67,Two year,DSL,Yes,3,Bank transfer,437.3,1,1,No
10625,23,58.5,1433.22,Month-to-month,Fiber optic,Yes,2,Bank transfer,220.8,1,5,No
10626,14,79.85,1100.25,One year,None,Yes,0,Mailed check,160.7,1,5,No
10627,66,56.95,4179.97,Month-to-month,Fiber optic,Yes,1,Electronic check,155.8,1,5,No
10628,51,78.83,4040.86,Month-to-month,None,Yes,3,Mailed check,311.3,2,5,No
10629,38,71.67,2432.8,Month-to-month,DSL,Yes,4,Bank transfer,222.0,1,4,No
10630,64,85.41,5666.78,Month-to-month,None,No,1,Mailed check,155.8,2,5,Yes
10631,38,61.4,2306.76,One year,Fiber optic,Yes,2,Electronic check,281.9,4,1,No
10632,50,48.5,2741.95,Two year,Fiber optic,Yes,1,Bank transfer,307.4,2,4,No
10633,30,108.95,3162.5,Month-to-month,Fiber optic,Yes,2,Electronic check,265.8,2,4,Yes
10634,51,59.61,2951.52,One year,Fiber optic,Yes,1,Mailed check,325.5,4,1,No
10635,63,88.5,5827.69,One year,DSL,Yes,0,Bank transfer,248.4,1,4,No
10636,52,107.88,5655.18,Month-to-month,Fiber optic,No,1,Electronic check,183.6,2,4,No
10637,38,76.07,2781.78,Month-to-month,DSL,No,0,Bank transfer,317.1,3,4,No
10638,30,50.59,1740.7,Month-to-month,Fiber optic,No,1,Electronic check,155.4,4,1,No
10639,51,67.53,3239.65,Month-to-month,Fiber optic,No,4,Electronic check,132.8,2,5,No
10640,5,97.44,454.68,Month-to-month,DSL,Yes,0,Electronic check,349.8,1,2,Yes
10641,29,77.16,2482.28,Month-to-month,Fiber optic,Yes,1,Credit card,207.0,3,3,No
10642,4,41.87,142.53,Month-to-month,DSL,No,4,Mailed check,398.2,1,5,No
10643,10,86.92,791.3,One year,DSL,Yes,7,Credit card,321.4,1,4,No
10644,56,91.24,5248.08,Month-to-month,DSL,Yes,5,Mailed check,199.7,1,3,No
10645,17,63.12,964.38,Two year,Fiber optic,Yes,1,Bank transfer,286.2,2,1,No
10646,17,87.26,1699.62,Month-to-month,DSL,Yes,1,Mailed check,480.2,3,4,No
10647,69,78.13,5333.06,One year,None,Yes,3,Electronic check,311.7,3,5,No
10648,34,67.06,2346.64,Two year,DSL,No,2,Electronic check,295.3,2,5,No
10649,6,39.66,213.71,One year,Fiber optic,Yes,0,Electronic check,183.5,1,4,No
10650,53,98.95,4912.98,Month-to-month,DSL,Yes,1,Mailed check,415.2,2,2,No
10651,66,90.98,6211.17,One year,DSL,No,1,Electronic check,365.2,2,3,No
10652,43,86.6,3779.16,Month-to-month,DSL,No,0,Electronic check,184.4,2,2,No
10653,23,110.61,2761.06,Month-to-month,Fiber optic,Yes,0,Electronic check,418.6,4,3,No
10654,55,95.63,4895.52,Month-to-month,Fiber optic,Yes,3,Mailed check,255.7,3,3,No
10655,16,89.16,1492.27,Month-to-month,DSL,No,3,Bank transfer,160.2,2,3,No
10656,8,18.0,134.97,Month-to-month,Fiber optic,No,4,Credit card,183.1,1,4,No
10657,4,101.92,418.29,Two year,DSL,No,2,Electronic check,323.4,2,3,No
10658,4,74.08,305.66,One year,Fiber optic,No,1,Electronic check,160.8,3,4,No
10659,56,79.81,3962.32,Month-to-month,DSL,No,1,Mailed check,135.2,1,5,No
10660,25,79.98,2028.67,Two year,Fiber optic,Yes,3,Credit card,198.3,3,4,No
10661,67,91.35,5224.3,Month-to-month,Fiber optic,No,2,Electronic check,212.5,1,4,No
10662,67,100.05,6705.78,Two year,None,Yes,2,Bank transfer,176.0,2,4,No
10663,27,87.86,2512.79,Month-to-month,DSL,No,2,Mailed check,196.9,2,3,No
10664,32,83.88,2340.18,Month-to-month,DSL,Yes,2,Electronic check,327.1,2,1,No
10665,50,77.79,4401.41,One year,Fiber optic,Yes,0,Electronic check,264.4,3,1,No
10666,61,18.0,1084.41,One year,DSL,Yes,1,Electronic check,191.0,1,3,No
10667,51,64.81,3740.04,One year,DSL,Yes,1,Credit card,199.4,1,4,No
10668,19,48.46,812.29,Two year,DSL,Yes,0,Mailed check,227.5,2,5,No
10669,21,102.27,2437.54,One year,Fiber optic,Yes,3,Bank transfer,232.9,1,5,No
10670,5,87.48,386.12,One year,DSL,Yes,4,Bank transfer,233.3,2,1,Yes
10671,42,60.55,2513.72,Two year,DSL,No,1,Bank transfer,323.6,1,5,No
10672,61,63.06,4352.1,One year,None,Yes,5,Mailed check,258.7,1,3,No
10673,22,62.15,1257.66,Month-to-month,Fiber optic,Yes,0,Electronic check,261.5,2,5,Yes
10674,21,61.7,1114.87,Two year,DSL,No,2,Electronic check,375.5,2,2,No
10675,70,35.89,2733.21,Month-to-month,DSL,Yes,1,Electronic check,418.3,1,1,Yes
10676,1,30.47,31.35,One year,Fiber optic,Yes,10,Bank transfer,123.1,1,3,No
10677,5,72.73,365.17,Two year,Fiber optic,No,0,Electronic check,90.0,1,5,Yes
10678,12,98.88,1020.8,One year,Fiber optic,Yes,1,Bank transfer,206.8,2,3,Yes
10679,46,58.56,2817.59,One year,Fiber optic,Yes,0,Electronic check,314.4,1,2,No
10680,34,79.59,2439.48,One year,Fiber optic,Yes,1,Credit card,275.7,2,5,No
10681,49,90.36,5000.4,Month-to-month,DSL,Yes,2,Electronic check,340.1,2,5,No
10682,45,47.17,2240.92,Two year,DSL,No,4,Electronic check,202.7,2,1,No
10683,27,71.5,2050.4,Month-to-month,DSL,Yes,1,Credit card,54.1,1,4,No
10684,26,55.34,1323.41,Month-to-month,None,No,1,Mailed check,110.2,2,3,No
10685,47,112.15,5873.14,Month-to-month,Fiber optic,No,1,Credit card,293.6,3,3,No
10686,56,111.06,6289.76,Month-to-month,Fiber optic,Yes,1,Electronic check,340.9,1,4,No
10687,63,47.19,3291.45,Month-to-month,DSL,Yes,2,Electronic check,58.9,1,3,No
10688,48,81.65,3649.89,Two year,Fiber optic,Yes,1,Bank transfer,374.0,2,4,No
10689,61,98.69,6481.46,Month-to-month,Fiber optic,Yes,0,Credit card,284.1,1,4,No
10690,26,93.21,2477.67,Month-to-month,Fiber optic,Yes,1,Electronic check,233.3,2,4,Yes
10691,36,74.04,2304.34,Month-to-month,Fiber optic,No,2,Credit card,180.5,3,4,No
10692,1,104.66,101.69,Month-to-month,DSL,No,5,Bank transfer,391.2,2,4,Yes
10693,8,49.39,357.65,One year,Fiber optic,Yes,3,Credit card,325.2,2,3,Yes
10694,52,64.42,3208.32,Month-to-month,Fiber optic,Yes,3,Mailed check,286.6,2,2,No
10695,47,50.06,2270.48,Month-to-month,Fiber optic,No,5,Electronic check,170.5,1,4,No
10696,56,91.56,5088.79,Month-to-month,DSL,Yes,0,Credit card,393.3,1,4,No
10697,14,57.43,828.21,Month-to-month,Fiber optic,No,3,Credit card,242.9,3,4,No
10698,28,67.72,1936.54,Month-to-month,DSL,Yes,2,Mailed check,268.4,4,4,No
10699,2,87.44,150.69,Month-to-month,Fiber optic,Yes,1,Electronic check,246.9,3,3,Yes
10700,26,89.46,2500.89,One year,Fiber optic,No,1,Electronic check,167.3,3,4,No
10701,14,49.32,783.53,Two year,Fiber optic,Yes,1,Bank transfer,270.4,1,3,No
10702,59,98.42,5543.18,Month-to-month,Fiber optic,No,4,Electronic check,306.2,1,5,Yes
10703,56,83.39,4221.18,Two year,Fiber optic,No,5,Mailed check,198.0,1,4,No
10704,7,44.96,318.5,Month-to-month,Fiber optic,Yes,0,Electronic check,262.2,1,3,No
10705,3,38.81,123.59,Month-to-month,None,Yes,2,Bank transfer,245.6,3,4,No
10706,23,71.6,1735.19,Two year,Fiber optic,No,2,Electronic check,326.9,4,5,No
10707,18,93.25,1734.95,Month-to-month,DSL,No,5,Mailed check,211.6,3,3,No
10708,38,93.89,3189.17,Two year,Fiber optic,Yes,0,Bank transfer,261.5,2,4,No
10709,15,80.9,1336.12,Month-to-month,Fiber optic,No,0,Bank transfer,281.5,1,4,No
10710,64,73.22,4581.52,Month-to-month,Fiber optic,Yes,4,Mailed check,209.5,1,4,No
10711,28,84.79,2175.74,Month-to-month,None,Yes,3,Electronic check,161.6,1,2,No
10712,39,50.62,1729.14,One year,Fiber optic,No,3,Bank transfer,177.1,2,4,No
10713,57,114.17,6345.1,One year,Fiber optic,Yes,3,Credit card,278.9,2,5,No
10714,17,113.85,2003.95,One year,Fiber optic,No,1,Bank transfer,217.6,4,5,No
10715,44,82.72,3820.26,Month-to-month,Fiber optic,Yes,1,Credit card,216.4,3,4,No
10716,25,76.93,2190.24,Month-to-month,Fiber optic,Yes,1,Bank transfer,297.4,1,5,No
10717,17,61.71,939.91,Month-to-month,DSL,Yes,2,Bank transfer,336.9,1,4,Yes
10718,13,85.22,1269.31,Month-to-month,Fiber optic,Yes,1,Electronic check,353.2,2,3,No
10719,25,54.72,1431.48,Two year,Fiber optic,No,2,Mailed check,181.8,1,4,No
10720,68,18.0,1207.19,Month-to-month,DSL,Yes,1,Mailed check,327.7,3,2,No
10721,10,18.0,200.96,Two year,Fiber optic,Yes,2,Electronic check,438.1,2,3,Yes
10722,67,52.01,3687.98,Two year,Fiber optic,Yes,2,Mailed check,252.0,1,3,No
10723,18,75.91,1304.37,Month-to-month,Fiber optic,Yes,1,Electronic check,233.0,2,5,No
10724,34,80.3,3044.79,One year,DSL,No,6,Bank transfer,213.2,1,4,No
10725,8,59.83,502.56,Month-to-month,Fiber optic,Yes,3,Mailed check,138.9,3,4,No
10726,40,75.55,3202.27,Month-to-month,Fiber optic,Yes,4,Mailed check,320.0,1,3,Yes
10727,42,65.14,3061.22,Month-to-month,Fiber optic,Yes,3,Credit card,233.5,3,2,No
10728,41,47.02,1897.99,One year,DSL,Yes,0,Mailed check,225.8,2,3,No
10729,6,70.66,443.92,Month-to-month,Fiber optic,Yes,0,Mailed check,305.3,2,4,Yes
10730,52,92.32,5153.04,Month-to-month,DSL,Yes,0,Electronic check,314.1,1,3,No
10731,26,48.15,1234.6,Month-to-month,DSL,Yes,5,Credit card,182.9,2,3,No
10732,64,48.16,2697.07,Month-to-month,DSL,No,2,Mailed check,185.2,2,3,No
10733,59,45.27,2888.43,One year,Fiber optic,No,2,Bank transfer,181.0,2,4,No
10734,56,23.59,1141.83,One year,Fiber optic,Yes,1,Electronic check,440.8,3,5,No
10735,59,59.99,3770.8,Month-to-month,Fiber optic,Yes,0,Bank transfer,380.3,2,4,No
10736,70,89.85,7064.76,Month-to-month,Fiber optic,Yes,1,Electronic check,307.2,3,3,No
10737,33,76.35,2403.88,One year,Fiber optic,Yes,5,Bank transfer,204.3,1,3,Yes
10738,53,67.77,3163.01,Month-to-month,DSL,Yes,1,Credit card,215.6,3,2,No
10739,22,75.23,1522.42,One year,Fiber optic,Yes,0,Bank transfer,274.5,1,2,No
10740,21,59.78,1278.84,Month-to-month,Fiber optic,Yes,6,Bank transfer,449.9,3,2,Yes
10741,70,23.3,1847.59,Month-to-month,DSL,Yes,0,Mailed check,267.4,4,2,No
10742,70,91.59,6434.92,Month-to-month,DSL,Yes,5,Bank transfer,288.3,1,2,No
10743,4,98.78,349.22,Month-to-month,Fiber optic,Yes,0,Mailed check,20.0,2,2,Yes
10744,62,53.8,3463.47,One year,DSL,Yes,1,Bank transfer,264.5,2,2,No
10745,62,68.23,4525.76,Month-to-month,Fiber optic,Yes,2,Electronic check,107.6,1,4,No
10746,24,66.08,1535.15,One year,DSL,Yes,1,Electronic check,193.7,2,5,No
10747,55,80.78,4738.15,Two year,DSL,Yes,2,Mailed check,244.5,1,5,No
10748,9,114.25,974.21,Month-to-month,DSL,Yes,3,Mailed check,211.3,3,1,Yes
10749,3,100.99,329.25,One year,DSL,Yes,2,Electronic check,179.6,3,3,Yes
10750,31,62.58,1847.48,Month-to-month,Fiber optic,Yes,2,Bank transfer,180.4,2,5,No
10751,40,85.56,3171.99,Month-to-month,Fiber optic,Yes,1,Electronic check,220.0,2,2,No
10752,36,103.36,4144.24,One year,DSL,Yes,4,Electronic check,215.8,2,5,No
10753,24,82.21,2001.73,Month-to-month,Fiber optic,Yes,1,Bank transfer,241.9,1,4,No
10754,6,71.88,403.48,One year,DSL,No,4,Mailed check,234.8,1,5,Yes
10755,66,83.15,6204.21,Month-to-month,Fiber optic,Yes,0,Bank transfer,361.5,2,5,Yes
10756,4,54.42,230.14,One year,Fiber optic,Yes,3,Bank transfer,45.3,4,4,Yes
10757,6,58.07,319.23,Two year,Fiber optic,No,2,Credit card,263.3,2,4,No
10758,51,45.4,2395.03,Two year,Fiber optic,Yes,1,Bank transfer,246.7,2,2,No
10759,62,79.68,5489.05,One year,DSL,Yes,2,Electronic check,227.3,3,2,No
10760,57,68.71,4146.94,One year,DSL,No,4,Electronic check,172.9,1,3,No
10761,66,51.42,3133.86,Month-to-month,DSL,No,2,Electronic check,225.8,2,2,No
10762,8,67.9,567.46,One year,DSL,Yes,2,Credit card,84.8,2,2,No
10763,26,83.75,2255.34,Month-to-month,DSL,Yes,1,Electronic check,259.6,1,3,No
10764,51,119.87,6701.8,Month-to-month,DSL,Yes,2,Mailed check,276.9,2,5,No
10765,45,97.3,3955.71,Month-to-month,Fiber optic,Yes,2,Electronic check,173.1,2,1,Yes
10766,44,18.0,839.43,Two year,DSL,Yes,1,Credit card,424.4,2,3,Yes
10767,5,77.98,334.62,Month-to-month,Fiber optic,Yes,0,Electronic check,228.6,2,3,Yes
10768,70,107.73,7984.91,Month-to-month,Fiber optic,Yes,0,Credit card,244.2,2,4,No
10769,26,38.55,1140.75,Month-to-month,DSL,No,1,Electronic check,366.9,3,2,No
10770,68,85.79,5263.86,One year,Fiber optic,No,3,Electronic check,443.5,3,5,No
10771,19,66.08,1184.44,One year,Fiber optic,Yes,1,Electronic check,133.3,1,4,No
10772,20,100.76,2065.3,Month-to-month,Fiber optic,Yes,2,Credit card,185.2,4,4,No
10773,12,82.11,1054.02,Month-to-month,Fiber optic,Yes,1,Credit card,230.2,2,1,Yes
10774,47,49.9,2235.8,Two year,None,No,2,Electronic check,169.4,3,4,No
10775,1,66.98,70.28,Month-to-month,Fiber optic,Yes,5,Electronic check,320.4,2,5,No
10776,14,68.46,1073.25,Month-to-month,Fiber optic,Yes,0,Bank transfer,159.0,1,2,No
10777,64,68.92,4710.68,One year,Fiber optic,Yes,1,Electronic check,360.3,1,3,No
10778,38,99.98,4039.76,Two year,Fiber optic,Yes,1,Electronic check,299.2,2,1,No
10779,37,50.93,1817.69,Month-to-month,None,Yes,3,Electronic check,350.6,2,5,No
10780,11,97.08,1199.69,One year,Fiber optic,No,4,Electronic check,159.4,2,1,No
10781,3,64.44,180.41,Two year,Fiber optic,No,6,Electronic check,203.6,2,5,No
10782,33,77.59,2334.08,Month-to-month,DSL,Yes,1,Electronic check,325.3,1,3,No
10783,6,73.81,424.82,Two year,None,Yes,1,Mailed check,308.1,1,4,No
10784,50,71.45,3733.43,One year,DSL,Yes,6,Credit card,212.7,2,4,No
10785,10,71.66,794.35,One year,DSL,No,2,Electronic check,226.3,1,2,Yes
10786,5,108.43,482.31,One year,Fiber optic,No,3,Bank transfer,198.7,2,3,Yes
10787,23,93.06,2341.88,Month-to-month,Fiber optic,No,3,Electronic check,223.7,1,3,Yes
10788,10,62.93,688.36,Month-to-month,Fiber optic,No,4,Bank transfer,148.3,3,1,No
10789,44,111.57,5037.09,Month-to-month,DSL,Yes,3,Electronic check,132.3,1,5,No
10790,2,78.87,170.07,Month-to-month,Fiber optic,Yes,3,Bank transfer,335.5,1,1,Yes
10791,13,80.94,951.8,Month-to-month,Fiber optic,Yes,3,Electronic check,220.5,2,4,Yes
10792,40,51.07,1840.31,Two year,Fiber optic,No,1,Credit card,349.4,2,3,No
10793,2,59.56,132.09,Two year,Fiber optic,Yes,0,Electronic check,296.6,1,2,No
10794,65,54.79,3559.37,One year,Fiber optic,Yes,0,Electronic check,269.6,3,4,No
10795,63,74.15,4315.4,Two year,None,No,1,Credit card,172.5,1,4,No
10796,17,87.97,1580.16,One year,Fiber optic,Yes,1,Bank transfer,125.0,2,3,No
10797,9,81.18,816.51,Month-to-month,DSL,Yes,1,Mailed check,196.6,1,4,Yes
10798,15,111.7,1742.01,Month-to-month,DSL,Yes,1,Credit card,385.5,1,3,Yes
10799,24,49.81,1140.69,Month-to-month,Fiber optic,Yes,6,Electronic check,324.5,2,5,No
10800,38,74.87,2830.75,One year,Fiber optic,Yes,2,Electronic check,187.7,1,3,No
10801,35,39.93,1503.32,Month-to-month,Fiber optic,No,2,Credit card,197.7,3,3,No
10802,49,48.95,2087.34,One year,Fiber optic,Yes,1,Electronic check,151.7,1,4,No
10803,69,103.61,6542.49,Month-to-month,DSL,No,1,Credit card,93.0,2,1,No
10804,62,60.42,3703.99,One year,Fiber optic,Yes,1,Electronic check,249.7,1,3,No
10805,60,51.92,3212.62,One year,Fiber optic,Yes,3,Bank transfer,403.9,1,3,No
10806,50,18.75,892.27,One year,DSL,No,7,Mailed check,405.1,1,5,No
10807,9,51.67,436.9,Two year,None,Yes,5,Credit card,297.8,3,5,No
10808,34,66.87,1960.77,Two year,DSL,Yes,0,Bank transfer,182.7,2,4,No
10809,35,38.06,1145.31,Two year,DSL,No,0,Electronic check,102.3,3,4,No
10810,1,65.43,61.09,Two year,DSL,Yes,4,Bank transfer,339.5,2,4,Yes
10811,40,103.77,4188.79,One year,Fiber optic,Yes,5,Electronic check,282.5,3,3,Yes
10812,64,54.32,3535.27,One year,DSL,Yes,2,Credit card,210.0,2,3,No
10813,22,48.42,1063.33,Month-to-month,Fiber optic,Yes,3,Credit card,194.1,1,5,Yes
10814,60,43.9,2562.79,Month-to-month,DSL,Yes,2,Mailed check,297.0,1,2,No
10815,64,43.46,2574.74,Month-to-month,DSL,Yes,2,Credit card,161.5,2,3,No
10816,72,85.39,5964.92,Month-to-month,Fiber optic,No,1,Electronic check,262.7,2,5,No
10817,11,73.22,718.14,Month-to-month,DSL,No,1,Mailed check,124.1,1,4,No
10818,14,95.92,1187.88,Two year,None,Yes,5,Mailed check,451.7,2,1,Yes
10819,60,122.5,6908.87,Two year,Fiber optic,Yes,3,Bank transfer,174.7,2,1,Yes
10820,30,26.24,904.18,Two year,DSL,Yes,1,Electronic check,301.6,2,4,No
10821,35,81.5,2704.02,Month-to-month,Fiber optic,Yes,3,Bank transfer,126.2,1,4,No
10822,37,44.03,1842.42,Month-to-month,DSL,Yes,2,Electronic check,224.5,2,3,Yes
10823,5,91.72,443.78,Month-to-month,Fiber optic,No,1,Bank transfer,324.0,1,3,No
10824,26,65.2,1664.18,Month-to-month,DSL,No,0,Electronic check,344.6,1,5,No
10825,62,72.68,4907.74,Month-to-month,None,Yes,3,Credit card,312.5,2,3,Yes
10826,4,39.92,140.21,Month-to-month,DSL,Yes,1,Electronic check,226.9,1,4,No
10827,42,61.34,2330.75,Two year,DSL,Yes,3,Mailed check,176.7,1,3,Yes
10828,18,74.24,1526.28,One year,Fiber optic,Yes,2,Electronic check,137.6,1,2,No
10829,40,105.9,4243.52,Month-to-month,None,Yes,2,Bank transfer,382.9,2,2,No
10830,72,52.14,3240.87,Month-to-month,Fiber optic,No,2,Electronic check,249.8,1,5,No
10831,39,58.23,1962.6,Month-to-month,DSL,Yes,0,Bank transfer,267.4,1,5,No
10832,14,95.61,1502.07,Month-to-month,Fiber optic,No,1,Electronic check,350.7,2,2,Yes
10833,32,50.52,1797.72,Two year,Fiber optic,Yes,3,Bank transfer,295.7,2,5,Yes
10834,51,100.56,5064.55,Month-to-month,DSL,Yes,1,Electronic check,227.9,4,2,Yes
10835,38,71.77,2451.72,Month-to-month,Fiber optic,Yes,0,Electronic check,310.7,1,4,No
10836,23,79.58,2011.7,Month-to-month,Fiber optic,Yes,2,Mailed check,180.9,1,2,No
10837,63,81.19,4845.82,Month-to-month,Fiber optic,Yes,3,Electronic check,92.6,2,5,No
10838,15,56.59,828.24,One year,Fiber optic,Yes,2,Electronic check,374.1,1,1,Yes
10839,25,81.75,2155.63,One year,Fiber optic,No,1,Credit card,188.8,3,4,No
10840,17,52.69,856.34,One year,Fiber optic,Yes,1,Credit card,211.1,2,4,No
10841,66,59.45,4075.16,Month-to-month,Fiber optic,Yes,1,Bank transfer,219.5,1,2,No
10842,53,85.97,5083.06,Month-to-month,Fiber optic,No,0,Electronic check,182.8,3,3,No
10843,51,79.33,4406.77,Month-to-month,DSL,No,2,Electronic check,344.6,1,1,Yes
10844,39,70.13,2637.93,Two year,Fiber optic,No,2,Bank transfer,275.6,4,4,No
10845,51,40.53,1935.53,Month-to-month,None,Yes,2,Electronic check,211.1,3,3,No
10846,70,46.77,3063.23,Month-to-month,DSL,No,2,Credit card,118.8,2,4,No
10847,6,78.92,452.01,One year,Fiber optic,Yes,2,Electronic check,268.9,1,5,No
10848,67,90.3,6038.33,One year,DSL,Yes,2,Credit card,20.0,1,3,No
10849,7,44.26,302.07,Month-to-month,DSL,Yes,1,Mailed check,262.1,1,1,Yes
10850,51,51.0,2314.63,Month-to-month,None,Yes,3,Bank transfer,367.6,1,4,No
10851,72,75.35,4877.45,Month-to-month,DSL,Yes,3,Electronic check,246.1,2,4,No
10852,42,74.82,2994.36,Two year,Fiber optic,Yes,1,Credit card,354.6,4,5,Yes
10853,64,31.4,2047.02,Month-to-month,DSL,Yes,0,Electronic check,123.2,2,2,No
10854,15,76.04,1172.31,Two year,DSL,Yes,1,Bank transfer,433.7,2,3,No
10855,29,57.04,1647.32,Month-to-month,DSL,Yes,3,Credit card,344.2,2,5,No
10856,33,113.03,3997.18,Two year,Fiber optic,No,2,Electronic check,285.2,3,5,No
10857,27,78.23,2262.55,Two year,DSL,No,4,Mailed check,183.2,1,4,No
10858,36,82.54,2906.92,Month-to-month,None,Yes,0,Mailed check,167.4,1,3,No
10859,29,83.18,2140.44,Two year,Fiber optic,No,1,Electronic check,233.3,3,3,No
10860,38,41.65,1597.03,Month-to-month,Fiber optic,Yes,5,Mailed check,354.3,3,2,No
10861,57,120.6,6629.76,Two year,Fiber optic,Yes,4,Electronic check,115.0,3,5,No
10862,27,31.43,756.43,One year,DSL,Yes,0,Mailed check,241.0,2,2,No
10863,55,91.89,5784.47,Month-to-month,DSL,No,2,Bank transfer,309.8,1,4,Yes
10864,33,87.47,2773.72,One year,DSL,No,3,Bank transfer,328.3,2,4,Yes
10865,68,60.07,4238.92,Two year,Fiber optic,Yes,5,Electronic check,309.5,1,3,No
10866,66,88.66,5834.23,Month-to-month,DSL,Yes,0,Credit card,105.3,2,3,No
10867,10,64.06,571.96,Month-to-month,Fiber optic,Yes,2,Credit card,347.5,2,4,No
10868,5,55.11,238.81,One year,Fiber optic,Yes,1,Mailed check,246.4,2,3,No
10869,38,83.74,3302.18,One year,DSL,No,3,Mailed check,136.9,4,3,Yes
10870,13,46.84,562.71,Month-to-month,None,No,0,Mailed check,237.7,2,3,Yes
10871,31,66.39,1899.82,Month-to-month,None,Yes,3,Bank transfer,53.9,1,5,Yes
10872,47,57.15,3054.29,Month-to-month,None,No,1,Bank transfer,294.9,1,5,No
10873,52,63.6,3269.27,Month-to-month,Fiber optic,Yes,3,Electronic check,227.9,3,4,Yes
10874,56,82.82,3983.17,Month-to-month,Fiber optic,No,0,Bank transfer,119.3,1,4,No
10875,15,57.14,815.92,Two year,DSL,Yes,1,Electronic check,212.4,1,4,No
10876,29,67.19,1997.9,Month-to-month,None,Yes,1,Electronic check,172.8,1,4,No
10877,8,59.42,450.91,One year,Fiber optic,Yes,1,Bank transfer,178.9,2,5,No
10878,5,108.1,463.78,Month-to-month,Fiber optic,Yes,1,Bank transfer,25.2,1,3,Yes
10879,29,80.57,2297.49,Month-to-month,Fiber optic,Yes,3,Mailed check,81.1,4,1,Yes
10880,47,77.5,3211.85,Month-to-month,DSL,Yes,5,Mailed check,218.2,4,5,No
10881,68,89.09,6274.69,Month-to-month,Fiber optic,Yes,3,Credit card,201.8,4,5,Yes
10882,45,57.15,2664.01,One year,Fiber optic,No,2,Bank transfer,332.5,1,3,Yes
10883,2,93.48,161.03,Two year,Fiber optic,Yes,1,Bank transfer,180.0,4,5,No
10884,27,80.65,2040.8,One year,Fiber optic,Yes,1,Electronic check,189.9,4,3,Yes
10885,36,32.98,1156.54,Two year,DSL,Yes,4,Electronic check,194.4,4,3,No
10886,36,36.3,1326.51,Two year,Fiber optic,No,2,Electronic check,221.3,2,4,No
10887,26,57.69,1408.17,One year,DSL,Yes,3,Mailed check,248.7,2,3,No
10888,43,38.97,1569.01,Two year,DSL,No,1,Bank transfer,201.4,1,4,No
10889,27,66.04,2041.46,One year,DSL,No,2,Electronic check,294.3,3,2,No
10890,69,46.66,2777.04,Month-to-month,Fiber optic,Yes,1,Electronic check,458.5,1,2,No
10891,20,69.56,1595.31,One year,None,Yes,1,Electronic check,161.6,1,4,No
10892,11,107.29,1020.07,Month-to-month,DSL,Yes,2,Electronic check,277.2,4,4,No
10893,38,70.77,2518.5,One year,None,Yes,6,Credit card,242.8,2,2,No
10894,6,64.43,385.85,One year,None,No,3,Bank transfer,339.5,1,5,Yes
10895,72,81.71,5253.56,Month-to-month,Fiber optic,No,1,Electronic check,259.3,4,4,No
10896,23,54.59,1118.03,Month-to-month,Fiber optic,Yes,1,Bank transfer,171.0,4,2,Yes
10897,47,93.09,4055.37,Two year,Fiber optic,Yes,3,Bank transfer,129.3,1,3,No
10898,46,84.38,4432.85,One year,DSL,No,4,Bank transfer,298.0,3,5,No
10899,12,72.97,844.15,Month-to-month,Fiber optic,Yes,4,Electronic check,137.0,1,4,Yes
10900,13,75.86,1005.7,One year,Fiber optic,Yes,4,Mailed check,352.5,1,2,Yes
10901,62,123.04,8096.01,One year,Fiber optic,Yes,4,Electronic check,292.6,1,2,Yes
10902,60,95.56,6150.24,Month-to-month,Fiber optic,Yes,0,Credit card,248.2,1,3,No
10903,43,126.99,5768.61,Two year,Fiber optic,No,3,Bank transfer,115.3,1,3,No
10904,68,85.3,5516.64,One year,Fiber optic,Yes,2,Mailed check,304.2,1,4,No
10905,5,35.21,155.54,Month-to-month,Fiber optic,Yes,0,Electronic check,393.6,3,5,No
10906,37,65.45,2263.07,One year,Fiber optic,No,5,Electronic check,199.6,2,3,No
10907,72,29.49,1938.74,Two year,Fiber optic,Yes,3,Electronic check,169.5,3,5,No
10908,31,85.21,2353.28,Month-to-month,Fiber optic,No,2,Credit card,231.3,2,5,No
10909,9,90.64,699.39,Month-to-month,DSL,Yes,1,Electronic check,284.4,1,5,Yes
10910,51,49.85,2874.68,Month-to-month,DSL,Yes,4,Electronic check,189.5,4,5,Yes
10911,29,55.61,1816.39,One year,Fiber optic,No,0,Credit card,325.4,3,5,Yes
10912,40,75.72,2620.29,One year,Fiber optic,Yes,1,Bank transfer,421.5,1,4,No
10913,41,42.05,1554.96,One year,DSL,Yes,1,Credit card,271.4,1,3,No
10914,11,40.17,394.08,Two year,DSL,Yes,2,Electronic check,209.1,2,4,No
10915,23,102.97,2212.87,One year,DSL,Yes,3,Bank transfer,281.8,2,5,No
10916,1,74.87,68.22,Month-to-month,DSL,Yes,2,Mailed check,351.8,3,3,No
10917,46,58.05,3027.47,Month-to-month,Fiber optic,No,3,Bank transfer,255.2,1,2,No
10918,21,29.7,545.89,Month-to-month,Fiber optic,No,3,Electronic check,286.1,1,2,Yes
10919,36,93.31,3068.6,Month-to-month,Fiber optic,No,3,Mailed check,307.0,2,5,Yes
10920,54,54.89,2591.23,One year,None,Yes,3,Credit card,156.8,2,4,No
10921,57,118.52,7729.23,Two year,DSL,Yes,4,Mailed check,283.6,1,4,Yes
10922,1,93.48,105.21,Month-to-month,DSL,Yes,3,Bank transfer,112.5,1,3,Yes
10923,63,51.8,3475.49,Month-to-month,Fiber optic,No,2,Electronic check,177.4,2,4,No
10924,54,54.11,2857.05,One year,DSL,Yes,0,Electronic check,348.8,2,1,Yes
10925,55,115.05,5739.61,Month-to-month,Fiber optic,Yes,4,Bank transfer,322.7,1,4,No
10926,40,69.89,2562.02,Month-to-month,Fiber optic,No,6,Bank transfer,214.3,2,3,No
10927,15,59.17,872.38,Month-to-month,Fiber optic,Yes,3,Credit card,402.1,3,5,Yes
10928,21,72.69,1649.32,Month-to-month,DSL,Yes,1,Bank transfer,115.5,4,4,No
10929,47,59.05,2579.46,Two year,Fiber optic,No,0,Mailed check,220.5,1,4,No
10930,53,78.03,3900.84,Month-to-month,DSL,No,2,Credit card,266.1,1,4,No
10931,9,70.1,649.82,Month-to-month,Fiber optic,Yes,5,Electronic check,20.0,4,4,No
10932,52,93.89,4498.14,Month-to-month,DSL,Yes,1,Mailed check,225.0,1,3,No
10933,57,62.29,3640.24,Two year,Fiber optic,No,1,Electronic check,133.2,2,4,No
10934,26,49.88,1252.97,Month-to-month,Fiber optic,Yes,4,Electronic check,135.3,2,5,No
10935,41,63.28,2232.06,Month-to-month,DSL,Yes,3,Bank transfer,214.1,1,3,No
10936,35,63.12,2144.71,Month-to-month,DSL,Yes,3,Mailed check,66.6,2,4,No
10937,63,70.06,4969.29,Month-to-month,DSL,Yes,2,Bank transfer,163.2,2,5,No
10938,25,87.86,2060.17,Month-to-month,DSL,Yes,6,Mailed check,68.8,2,5,No
10939,38,86.5,3112.3,One year,DSL,Yes,3,Mailed check,251.8,1,4,No
10940,2,101.99,177.42,Month-to-month,Fiber optic,Yes,2,Electronic check,249.9,4,4,No
10941,7,51.71,374.46,Month-to-month,DSL,Yes,3,Bank transfer,206.9,1,5,No
10942,34,81.72,3069.59,Two year,Fiber optic,No,3,Mailed check,334.7,2,5,No
10943,17,90.18,1465.42,Month-to-month,Fiber optic,No,1,Credit card,211.9,3,5,Yes
10944,43,55.14,2186.26,Month-to-month,Fiber optic,No,2,Electronic check,237.8,2,4,No
10945,59,66.81,4481.75,Month-to-month,DSL,Yes,2,Electronic check,153.9,3,3,No
10946,51,28.25,1546.68,Two year,DSL,Yes,3,Bank transfer,21.2,4,2,Yes
10947,54,94.67,5215.19,Month-to-month,Fiber optic,Yes,2,Credit card,226.2,1,3,No
10948,24,66.61,1505.37,Two year,DSL,No,2,Mailed check,213.8,1,5,No
10949,25,92.16,2111.02,One year,None,Yes,2,Bank transfer,402.4,3,5,No
10950,71,77.15,5832.18,Month-to-month,Fiber optic,Yes,2,Credit card,303.4,1,4,No
10951,52,67.37,3526.14,Two year,Fiber optic,No,1,Credit card,200.8,1,4,No
10952,70,32.18,2266.52,Month-to-month,DSL,Yes,1,Bank transfer,253.5,3,3,No
10953,33,36.63,1054.2,Month-to-month,Fiber optic,Yes,0,Bank transfer,326.2,3,3,Yes
10954,49,18.0,885.23,Two year,DSL,No,4,Electronic check,289.1,4,4,No
10955,29,57.93,1842.63,One year,Fiber optic,No,1,Credit card,398.5,1,3,No
10956,63,128.96,9213.48,One year,Fiber optic,Yes,0,Mailed check,165.0,1,2,Yes
10957,22,39.8,772.28,Month-to-month,DSL,No,1,Credit card,332.6,1,4,Yes
10958,26,18.0,486.42,Month-to-month,DSL,Yes,1,Electronic check,199.8,2,3,No
10959,28,96.07,2745.12,One year,DSL,No,2,Mailed check,258.4,2,5,No
10960,49,131.09,7175.55,Month-to-month,DSL,Yes,3,Bank transfer,187.0,1,3,Yes
10961,71,79.45,6066.13,Month-to-month,DSL,Yes,3,Mailed check,226.5,1,5,No
10962,49,79.22,4423.59,Month-to-month,DSL,Yes,2,Electronic check,260.1,2,3,No
10963,20,64.25,1462.34,Month-to-month,Fiber optic,No,3,Bank transfer,296.4,2,2,Yes
10964,63,27.14,1569.11,Two year,DSL,Yes,3,Bank transfer,245.8,1,4,No
10965,61,35.73,2326.88,Month-to-month,Fiber optic,Yes,3,Bank transfer,20.0,3,4,No
10966,49,64.08,3168.67,Two year,DSL,Yes,2,Electronic check,232.7,1,4,No
10967,71,59.29,3849.17,Month-to-month,Fiber optic,No,2,Bank transfer,379.7,2,3,No
10968,1,69.12,62.79,One year,DSL,Yes,1,Electronic check,231.9,3,1,Yes
10969,13,92.73,1053.99,Month-to-month,Fiber optic,Yes,3,Electronic check,382.4,2,4,No
10970,51,57.45,3189.73,Month-to-month,DSL,Yes,2,Bank transfer,228.6,1,2,No
10971,56,93.24,4946.54,Month-to-month,DSL,Yes,2,Credit card,90.7,1,3,No
10972,62,57.62,3955.01,Month-to-month,Fiber optic,Yes,1,Mailed check,198.9,3,4,No
10973,32,97.96,3236.58,Month-to-month,DSL,No,0,Mailed check,186.9,1,2,No
10974,30,74.16,2340.69,Two year,Fiber optic,Yes,2,Electronic check,218.2,2,2,Yes
10975,29,61.1,1661.16,One year,DSL,Yes,2,Mailed check,127.4,4,1,Yes
10976,49,73.73,3566.48,Month-to-month,DSL,No,1,Electronic check,239.2,4,5,No
10977,45,64.66,2833.16,Month-to-month,Fiber optic,Yes,1,Credit card,208.8,2,3,No
10978,30,74.83,2066.89,Month-to-month,None,Yes,2,Credit card,362.3,3,5,Yes
10979,16,90.95,1600.36,Month-to-month,Fiber optic,No,1,Bank transfer,125.0,4,3,No
10980,40,69.82,2895.09,One year,Fiber optic,Yes,1,Mailed check,263.3,1,4,No
10981,19,62.76,1026.96,Two year,None,No,4,Credit card,279.0,1,2,Yes
10982,18,43.91,866.24,Month-to-month,Fiber optic,Yes,3,Mailed check,313.6,1,4,Yes
10983,1,86.48,76.26,Month-to-month,None,Yes,2,Electronic check,205.5,1,5,Yes
10984,47,80.71,3683.78,Month-to-month,None,Yes,2,Electronic check,261.0,3,5,No
10985,66,42.45,2861.59,One year,Fiber optic,No,2,Bank transfer,273.6,2,5,No
10986,38,92.89,3008.45,Month-to-month,DSL,Yes,3,Credit card,83.4,3,5,No
10987,51,42.05,2242.93,One year,Fiber optic,Yes,2,Electronic check,208.9,3,2,No
10988,63,97.73,6451.98,One year,Fiber optic,No,0,Electronic check,236.9,2,4,Yes
10989,4,89.2,373.13,Month-to-month,Fiber optic,Yes,6,Mailed check,248.0,2,4,No
10990,1,82.49,74.16,One year,Fiber optic,Yes,6,Credit card,246.9,1,5,No
10991,8,62.58,463.95,Month-to-month,Fiber optic,Yes,5,Electronic check,281.6,3,3,No
10992,29,86.39,2315.44,One year,Fiber optic,No,2,Electronic check,424.1,2,5,No
10993,55,98.91,6190.89,Month-to-month,None,Yes,1,Bank transfer,183.4,2,3,No
10994,3,86.81,226.64,Month-to-month,DSL,Yes,0,Mailed check,276.2,1,4,No
10995,32,55.24,1729.9,Two year,DSL,Yes,2,Electronic check,363.6,4,3,No
10996,10,78.69,874.54,Two year,DSL,Yes,0,Electronic check,69.1,3,3,Yes
10997,34,100.3,3685.88,One year,DSL,No,2,Bank transfer,265.5,2,4,Yes
10998,55,126.98,7659.47,Month-to-month,Fiber optic,No,2,Mailed check,80.4,2,4,Yes
10999,32,66.87,2443.03,One year,DSL,No,4,Credit card,447.6,2,5,No
11000,50,93.45,4514.47,Month-to-month,None,No,4,Bank transfer,289.6,1,4,No
11001,7,100.36,662.4,Two year,Fiber optic,Yes,4,Electronic check,276.8,1,4,Yes
11002,8,51.69,355.3,Month-to-month,DSL,Yes,4,Mailed check,62.0,2,5,No
11003,65,116.55,6780.34,Two year,DSL,No,3,Mailed check,192.1,1,4,No
11004,57,45.37,2634.2,Two year,None,Yes,2,Electronic check,192.5,2,4,No
11005,67,92.22,5544.17,One year,DSL,Yes,3,Credit card,407.8,2,3,No
11006,59,79.63,5031.23,Month-to-month,Fiber optic,No,3,Credit card,309.3,1,3,No
11007,72,73.39,4550.49,Month-to-month,Fiber optic,Yes,3,Electronic check,83.0,1,4,No
11008,54,135.67,6797.57,Two year,Fiber optic,No,2,Electronic check,284.6,1,5,Yes
11009,67,64.47,4572.77,Month-to-month,DSL,Yes,3,Electronic check,97.2,1,3,No
11010,51,64.07,3027.9,Two year,Fiber optic,Yes,1,Electronic check,85.2,2,2,No
11011,8,105.29,900.13,Month-to-month,DSL,Yes,2,Bank transfer,283.1,2,4,No
11012,34,91.05,3556.21,Month-to-month,Fiber optic,Yes,2,Mailed check,310.8,4,1,Yes
11013,35,104.05,3966.32,Two year,Fiber optic,No,0,Credit card,283.6,1,4,No
11014,32,74.92,2283.68,One year,Fiber optic,Yes,3,Electronic check,418.6,3,4,Yes
11015,46,79.92,4118.13,Month-to-month,DSL,Yes,3,Bank transfer,275.0,1,3,No
11016,16,119.52,1654.83,Month-to-month,Fiber optic,Yes,5,Credit card,256.2,2,5,Yes
11017,68,51.1,3709.36,Month-to-month,Fiber optic,Yes,0,Mailed check,124.5,2,4,No
11018,37,69.43,2201.55,One year,Fiber optic,Yes,3,Electronic check,321.5,2,4,Yes
11019,54,91.96,4481.01,Month-to-month,Fiber optic,No,0,Electronic check,83.1,2,2,Yes
11020,14,67.1,1076.81,Two year,Fiber optic,Yes,4,Electronic check,431.9,1,3,No
11021,55,57.75,3043.69,Two year,DSL,No,2,Credit card,322.7,1,5,No
11022,48,87.46,4601.72,Month-to-month,Fiber optic,No,3,Credit card,505.0,3,2,No
11023,7,105.4,710.37,One year,Fiber optic,Yes,1,Credit card,277.0,1,3,No
11024,7,68.48,528.26,Month-to-month,DSL,Yes,1,Credit card,327.4,1,3,No
11025,33,67.79,2549.44,Month-to-month,None,No,1,Electronic check,213.7,1,2,No
11026,23,55.81,1258.81,Two year,DSL,Yes,1,Credit card,235.9,1,3,No
11027,19,64.6,1249.25,Month-to-month,Fiber optic,Yes,0,Credit card,140.1,2,3,No
11028,19,99.09,1955.37,Month-to-month,DSL,Yes,1,Electronic check,102.5,2,5,No
11029,36,74.03,3012.74,Month-to-month,None,No,1,Electronic check,258.0,1,4,Yes
11030,29,51.88,1394.72,Month-to-month,DSL,No,1,Bank transfer,235.3,1,3,No
11031,60,78.56,4870.92,One year,Fiber optic,No,0,Electronic check,137.8,2,4,No
11032,2,98.28,186.22,One year,DSL,Yes,4,Electronic check,154.6,3,1,Yes
11033,1,57.95,53.03,One year,DSL,Yes,1,Credit card,243.1,4,4,No
11034,47,38.78,1595.7,One year,Fiber optic,Yes,2,Credit card,136.2,3,3,No
11035,69,126.77,9063.89,Month-to-month,Fiber optic,Yes,1,Electronic check,273.9,3,2,No
11036,20,37.54,836.86,Month-to-month,DSL,Yes,3,Mailed check,139.1,3,5,No
11037,11,63.02,662.31,Month-to-month,DSL,No,2,Credit card,264.3,2,2,Yes
11038,2,77.8,158.06,Month-to-month,Fiber optic,No,3,Bank transfer,130.7,1,5,Yes
11039,67,65.19,4553.97,Month-to-month,DSL,No,1,Mailed check,131.1,2,3,No
11040,12,70.13,820.01,Month-to-month,Fiber optic,Yes,1,Bank transfer,20.0,1,1,No
11041,20,86.42,1937.54,Month-to-month,Fiber optic,Yes,2,Credit card,224.8,3,4,No
11042,5,18.0,86.29,Month-to-month,DSL,Yes,1,Credit card,378.1,2,4,No
11043,37,40.33,1324.34,Two year,Fiber optic,No,2,Mailed check,372.7,2,3,No
11044,38,73.11,2481.49,Two year,Fiber optic,No,1,Electronic check,270.8,1,3,Yes
11045,9,61.89,622.32,One year,None,Yes,2,Credit card,49.9,2,1,Yes
11046,53,75.24,4571.53,Two year,Fiber optic,Yes,1,Electronic check,320.2,1,5,No
11047,44,77.69,3201.91,One year,Fiber optic,Yes,4,Bank transfer,261.4,1,4,No
11048,24,19.1,409.39,One year,None,Yes,3,Electronic check,201.4,1,2,No
11049,30,103.84,3098.58,Month-to-month,DSL,Yes,3,Mailed check,354.7,1,5,No
11050,59,59.54,3733.67,One year,DSL,Yes,3,Mailed check,298.5,2,3,No
11051,14,50.36,728.81,One year,DSL,Yes,1,Electronic check,426.3,2,2,No
11052,9,77.21,788.93,One year,Fiber optic,No,3,Credit card,106.5,3,3,Yes
11053,40,74.68,3271.98,One year,DSL,Yes,3,Electronic check,113.9,2,4,No
11054,66,101.92,7471.31,Month-to-month,Fiber optic,Yes,0,Credit card,129.9,1,1,Yes
11055,25,78.8,1994.63,One year,DSL,Yes,1,Credit card,212.9,4,4,No
11056,22,100.95,2105.82,Two year,Fiber optic,Yes,0,Electronic check,390.9,2,5,Yes
11057,4,48.55,205.95,Month-to-month,DSL,Yes,0,Bank transfer,180.8,2,2,No
11058,26,75.55,1928.38,One year,Fiber optic,Yes,3,Electronic check,182.8,2,3,Yes
11059,58,44.13,2396.56,Month-to-month,Fiber optic,Yes,1,Bank transfer,279.6,3,3,Yes
11060,29,74.44,1933.56,One year,DSL,Yes,3,Bank transfer,320.1,1,4,No
11061,37,69.14,2579.57,One year,DSL,No,0,Electronic check,27.5,1,5,No
11062,70,68.07,4899.63,Month-to-month,DSL,Yes,2,Mailed check,338.8,3,3,No
11063,18,68.29,1254.59,One year,Fiber optic,No,4,Bank transfer,177.8,1,1,Yes
11064,42,90.41,3360.4,Month-to-month,DSL,Yes,0,Credit card,230.3,3,3,No
11065,41,31.82,1332.01,One year,DSL,Yes,0,Electronic check,374.7,2,2,No
11066,38,49.51,1694.23,Month-to-month,DSL,Yes,1,Bank transfer,219.4,2,4,No
11067,34,70.99,2532.21,One year,DSL,Yes,2,Electronic check,94.5,3,1,No
11068,17,42.53,707.69,Month-to-month,None,No,2,Credit card,100.0,1,3,Yes
11069,37,73.15,2989.75,One year,DSL,No,2,Electronic check,237.2,3,4,No
11070,25,70.73,1915.86,Month-to-month,DSL,No,2,Bank transfer,208.2,4,3,No
11071,27,36.91,1063.65,Two year,DSL,No,2,Electronic check,245.6,2,4,No
11072,57,35.67,2155.63,Two year,None,Yes,2,Bank transfer,201.9,4,2,No
11073,31,18.0,568.13,Two year,DSL,Yes,3,Credit card,357.9,1,5,No
11074,6,41.48,216.11,One year,DSL,Yes,1,Bank transfer,242.4,3,3,No
11075,40,72.36,3029.41,One year,DSL,No,0,Bank transfer,72.5,1,5,No
11076,12,75.9,901.76,Month-to-month,DSL,No,3,Mailed check,317.6,1,3,Yes
11077,53,77.05,4046.35,Month-to-month,Fiber optic,Yes,0,Credit card,421.1,1,4,No
11078,71,52.55,3595.64,Month-to-month,Fiber optic,No,1,Bank transfer,254.7,1,3,No
11079,10,71.54,807.49,One year,None,Yes,2,Credit card,262.1,1,4,No
11080,45,81.93,3409.73,Two year,DSL,Yes,2,Bank transfer,165.9,3,3,No
11081,17,40.3,647.4,Month-to-month,DSL,Yes,1,Mailed check,217.0,3,4,No
11082,26,75.08,2223.25,Two year,None,No,2,Electronic check,287.8,1,4,Yes
11083,62,88.41,5991.44,One year,DSL,No,3,Bank transfer,347.5,1,4,Yes
11084,46,59.73,2347.05,One year,DSL,Yes,5,Electronic check,282.4,3,4,No
11085,64,98.56,7076.34,Month-to-month,DSL,Yes,2,Credit card,412.7,1,1,Yes
11086,2,60.31,110.73,Month-to-month,DSL,Yes,3,Bank transfer,249.4,1,3,No
11087,54,50.5,2895.47,Month-to-month,Fiber optic,Yes,2,Credit card,133.4,2,4,No
11088,65,85.92,5673.72,One year,Fiber optic,Yes,3,Electronic check,136.2,2,1,No
11089,51,122.83,6333.51,Month-to-month,Fiber optic,Yes,1,Electronic check,357.3,1,3,No
11090,53,74.13,4185.75,Month-to-month,Fiber optic,Yes,3,Credit card,335.7,2,3,No
11091,36,87.87,2885.44,Two year,Fiber optic,Yes,1,Mailed check,83.8,2,3,No
11092,26,59.28,1383.62,Two year,Fiber optic,Yes,0,Mailed check,220.1,1,4,No
11093,29,40.96,1241.97,Two year,Fiber optic,No,3,Credit card,223.5,3,4,No
11094,21,76.16,1498.88,Month-to-month,Fiber optic,Yes,1,Mailed check,168.6,2,5,No
11095,11,80.11,1006.5,Month-to-month,Fiber optic,Yes,2,Electronic check,106.0,1,3,No
11096,40,63.05,2485.31,One year,DSL,Yes,1,Credit card,166.5,1,5,No
11097,11,87.78,853.07,Month-to-month,DSL,Yes,0,Electronic check,149.4,1,4,Yes
11098,36,55.65,2115.08,Month-to-month,DSL,Yes,2,Credit card,108.3,2,5,No
11099,59,49.45,2747.89,Month-to-month,Fiber optic,No,2,Electronic check,318.8,1,5,No
11100,39,98.52,3437.21,Month-to-month,Fiber optic,No,2,Bank transfer,266.9,2,4,Yes
11101,54,98.63,5202.71,Month-to-month,Fiber optic,No,1,Electronic check,195.9,1,3,Yes
11102,55,56.14,3517.71,Month-to-month,DSL,Yes,3,Bank transfer,43.3,2,3,No
11103,24,114.97,2685.96,Month-to-month,Fiber optic,Yes,4,Electronic check,211.6,3,3,No
11104,22,64.82,1360.73,Month-to-month,DSL,No,2,Credit card,289.5,2,5,No
11105,69,74.12,5029.14,One year,Fiber optic,No,3,Mailed check,170.1,2,5,No
11106,56,69.88,3340.51,One year,DSL,Yes,2,Electronic check,130.8,4,4,No
11107,33,85.09,2498.9,One year,Fiber optic,No,6,Bank transfer,228.3,2,5,No
11108,36,78.79,3133.99,Month-to-month,Fiber optic,Yes,5,Mailed check,271.8,1,5,No
11109,20,78.45,1794.01,Month-to-month,DSL,Yes,1,Electronic check,50.0,2,4,No
11110,62,46.51,2587.71,One year,Fiber optic,Yes,1,Electronic check,368.6,3,4,No
11111,26,29.79,782.79,One year,Fiber optic,Yes,3,Mailed check,121.3,1,3,No
11112,66,100.55,7564.72,Month-to-month,DSL,Yes,4,Electronic check,199.8,1,3,No
11113,40,58.36,2093.9,Month-to-month,DSL,Yes,5,Electronic check,352.2,2,1,Yes
11114,17,70.77,1089.87,Two year,DSL,Yes,3,Electronic check,251.9,2,3,No
11115,1,80.17,90.44,Month-to-month,Fiber optic,Yes,0,Bank transfer,344.1,3,4,No
11116,61,112.73,7300.86,Month-to-month,Fiber optic,Yes,0,Mailed check,387.6,1,3,No
11117,43,76.03,2927.94,One year,Fiber optic,No,2,Electronic check,101.3,1,5,No
11118,42,62.13,2526.08,Month-to-month,Fiber optic,Yes,4,Credit card,325.7,4,3,No
11119,25,58.91,1276.7,Month-to-month,DSL,Yes,1,Credit card,365.9,1,2,No
11120,39,71.07,2715.75,Month-to-month,DSL,Yes,3,Electronic check,204.3,1,5,No
11121,35,49.27,1868.22,One year,Fiber optic,No,1,Electronic check,211.9,2,4,No
11122,3,72.72,221.69,Month-to-month,DSL,Yes,1,Credit card,58.3,3,3,Yes
11123,44,70.7,3248.4,Month-to-month,Fiber optic,Yes,3,Mailed check,314.2,3,4,No
11124,51,113.04,5465.52,Month-to-month,DSL,Yes,0,Electronic check,20.0,4,3,No
11125,12,69.91,753.7,Two year,Fiber optic,No,1,Mailed check,332.0,1,5,No
11126,19,23.89,387.61,Month-to-month,Fiber optic,Yes,3,Bank transfer,105.3,1,4,Yes
11127,44,138.84,6697.83,Two year,Fiber optic,Yes,2,Electronic check,372.1,1,2,Yes
11128,59,95.92,5891.29,Month-to-month,DSL,Yes,1,Bank transfer,277.6,3,4,Yes
11129,49,124.06,5585.31,Two year,DSL,Yes,1,Bank transfer,335.9,2,5,No
11130,61,43.07,2562.98,Two year,Fiber optic,No,6,Mailed check,162.8,1,4,Yes
11131,17,66.45,1231.81,Month-to-month,Fiber optic,No,1,Credit card,113.3,2,5,No
11132,57,88.86,5123.83,Month-to-month,Fiber optic,Yes,2,Electronic check,72.5,1,3,Yes
11133,55,85.41,4415.92,Month-to-month,Fiber optic,No,1,Bank transfer,343.7,2,5,No
11134,47,79.67,3482.96,Month-to-month,DSL,Yes,1,Mailed check,303.0,3,4,No
11135,12,18.0,197.7,One year,Fiber optic,Yes,2,Mailed check,306.3,1,4,Yes
11136,62,29.19,1985.54,Month-to-month,Fiber optic,Yes,2,Electronic check,267.7,1,3,No
11137,8,109.94,901.12,Month-to-month,DSL,Yes,1,Mailed check,291.7,1,5,No
11138,21,114.38,2552.7,Month-to-month,Fiber optic,No,2,Electronic check,212.3,1,4,Yes
11139,70,69.33,5377.41,Two year,DSL,Yes,2,Electronic check,275.2,1,5,No
11140,72,106.76,8809.43,Month-to-month,DSL,Yes,2,Electronic check,158.6,2,3,Yes
11141,25,46.42,1073.28,Month-to-month,Fiber optic,Yes,3,Bank transfer,207.4,1,2,Yes
11142,12,52.14,565.78,Month-to-month,None,Yes,3,Electronic check,529.1,3,3,Yes
11143,15,44.44,659.0,Two year,DSL,No,4,Bank transfer,243.7,1,3,No
11144,59,50.75,2576.62,One year,Fiber optic,Yes,5,Electronic check,52.7,1,4,Yes
11145,26,90.07,2546.77,Month-to-month,Fiber optic,No,2,Electronic check,201.2,1,4,No
11146,26,50.44,1462.42,Month-to-month,Fiber optic,Yes,0,Electronic check,139.5,3,4,Yes
11147,47,127.99,6351.27,Month-to-month,DSL,Yes,2,Electronic check,255.1,2,5,No
11148,32,83.5,2486.02,Month-to-month,DSL,No,4,Bank transfer,155.5,3,2,Yes
11149,10,99.11,879.05,Two year,DSL,No,0,Electronic check,219.9,3,3,No
11150,16,84.25,1300.34,One year,None,Yes,2,Credit card,169.7,3,5,No
11151,71,102.36,7994.32,Month-to-month,DSL,No,2,Credit card,258.7,3,4,No
11152,17,50.3,816.06,Two year,DSL,Yes,3,Mailed check,180.4,1,4,No
11153,23,108.17,2140.29,Month-to-month,Fiber optic,Yes,0,Credit card,273.9,3,4,No
11154,26,75.52,1830.56,One year,DSL,Yes,1,Electronic check,425.1,4,4,Yes
11155,7,102.23,820.79,Two year,Fiber optic,No,1,Bank transfer,130.3,4,2,No
11156,14,36.01,530.86,Month-to-month,DSL,Yes,1,Bank transfer,308.8,1,4,Yes
11157,7,76.51,599.98,One year,Fiber optic,Yes,0,Electronic check,20.0,2,5,No
11158,9,75.63,736.8,Month-to-month,Fiber optic,Yes,2,Electronic check,217.9,1,4,Yes
11159,48,56.52,2745.28,Month-to-month,Fiber optic,No,0,Electronic check,261.7,1,1,No
11160,72,79.83,5141.98,Month-to-month,Fiber optic,Yes,0,Mailed check,168.9,2,5,No
11161,59,110.49,6222.91,Month-to-month,DSL,Yes,2,Mailed check,70.2,4,3,No
11162,39,54.6,2182.89,One year,Fiber optic,Yes,4,Mailed check,236.4,2,2,No
11163,18,96.05,1921.14,Two year,DSL,No,1,Mailed check,385.6,3,5,No
11164,59,43.81,2405.41,One year,Fiber optic,No,3,Mailed check,226.1,1,2,No
11165,17,124.74,1879.61,Two year,DSL,Yes,2,Bank transfer,293.1,1,5,No
11166,14,91.62,1305.32,Two year,Fiber optic,Yes,1,Electronic check,347.1,2,3,No
11167,31,115.13,3222.66,Month-to-month,Fiber optic,No,2,Bank transfer,474.8,1,4,No
11168,24,88.8,2201.76,Month-to-month,DSL,Yes,0,Bank transfer,140.0,3,4,Yes
11169,60,81.77,4558.14,Month-to-month,Fiber optic,No,3,Bank transfer,149.8,1,3,Yes
11170,45,91.82,3798.41,One year,Fiber optic,No,2,Bank transfer,212.2,2,4,No
11171,3,68.59,199.55,Two year,Fiber optic,Yes,7,Mailed check,298.5,2,5,No
11172,37,31.55,1199.99,Month-to-month,Fiber optic,Yes,1,Electronic check,20.0,1,4,No
11173,43,83.18,3625.37,One year,DSL,Yes,2,Mailed check,302.1,3,4,No
11174,40,53.11,1961.71,One year,Fiber optic,Yes,1,Credit card,254.1,2,5,No
11175,55,44.46,2732.22,One year,DSL,Yes,2,Bank transfer,189.3,2,3,No
11176,39,87.91,3027.24,Month-to-month,DSL,Yes,0,Electronic check,280.4,3,1,No
11177,15,65.02,840.55,Month-to-month,Fiber optic,Yes,6,Electronic check,324.5,1,1,Yes
11178,4,97.69,402.8,Month-to-month,None,Yes,0,Credit card,337.7,3,4,No
11179,25,52.28,1159.34,Month-to-month,DSL,Yes,1,Electronic check,241.4,1,5,No
11180,13,60.23,784.14,Month-to-month,DSL,Yes,0,Electronic check,271.0,1,4,No
11181,33,100.76,3775.73,One year,DSL,No,6,Electronic check,267.4,4,5,No
11182,16,79.0,1339.3,Month-to-month,DSL,Yes,1,Credit card,357.0,3,4,No
11183,42,35.07,1524.84,Two year,Fiber optic,No,2,Electronic check,276.2,1,3,No
11184,66,78.44,5293.22,Month-to-month,Fiber optic,Yes,4,Mailed check,301.3,2,2,Yes
11185,55,109.03,5420.14,One year,Fiber optic,Yes,0,Bank transfer,324.8,4,5,No
11186,42,60.04,2470.73,Month-to-month,Fiber optic,No,2,Electronic check,426.1,1,2,No
11187,34,86.95,2816.64,Month-to-month,Fiber optic,Yes,2,Credit card,184.3,1,4,No
11188,30,50.77,1730.12,Two year,Fiber optic,Yes,2,Mailed check,394.4,2,3,No
11189,13,68.58,822.62,Month-to-month,Fiber optic,Yes,6,Mailed check,474.8,1,3,Yes
11190,13,99.25,1279.22,Month-to-month,Fiber optic,Yes,2,Credit card,190.4,1,4,No
11191,18,77.48,1577.93,One year,DSL,Yes,1,Credit card,219.4,3,3,Yes
11192,32,104.23,3624.72,Month-to-month,DSL,Yes,1,Mailed check,199.3,1,5,No
11193,39,82.63,3671.65,Month-to-month,None,Yes,6,Electronic check,302.4,3,3,No
11194,46,127.47,6054.18,Month-to-month,Fiber optic,Yes,4,Credit card,63.1,2,4,Yes
11195,29,32.88,905.97,Month-to-month,DSL,Yes,5,Mailed check,192.5,2,4,No
11196,62,66.57,4531.8,One year,DSL,Yes,1,Credit card,214.0,2,4,No
11197,62,44.89,2609.06,Month-to-month,Fiber optic,Yes,1,Credit card,205.7,2,5,No
11198,57,46.59,2388.56,Two year,Fiber optic,Yes,1,Electronic check,204.7,1,3,No
11199,16,46.82,795.48,One year,None,No,2,Credit card,193.5,1,2,No
11200,56,76.19,4444.5,One year,Fiber optic,Yes,3,Mailed check,313.9,3,1,No
